cid,amount_requested,Age_at_application,Young,Scenior,Resi_status,monthly_rent_amount,Direct_deposit_flag,Vintage,loan_duration,Payment_Ach_Flag,num_payments,Amount_per_payment,Payment_frequency,payment_amount,amount_approved,Remaining Balance,Unapproved_amount,duration_approved,Unapproved_duration,Unhappy_approve,area1,area2,area3,Housing_turnover,bank_old_customer_flag,monthly_income_amount,Debt to Income Ratio,raw_l2c_score,raw_FICO_telecom,raw_FICO_retail,raw_FICO_bank_card,raw_FICO_money,how_use_money,other_iuse,bills_use,car_use,rent_use,school_use,overdraft_use,medical_use
9ece67d6c5,500,19,1,0,1,0,1,2010,3,1,6,83.33333333,2,138.48,500,361.52,0,3,0,0,1,0,0,0,0,1560,0.320512821,614,574,600,656,561,Other,1,0,0,0,0,0,0
5c2c402094,500,20,1,0,1,0,0,2010,6,1,13,38.46153846,2.166666667,77.39,500,422.61,0,6,0,0,1,0,0,1,1,900,0.555555556,708,501,550,651,563,Other,1,0,0,0,0,0,0
e6254cad30,400,30,0,0,1,620,1,2010,6,1,13,30.76923077,2.166666667,61.91,400,338.09,0,6,0,0,1,0,0,0,0,1434,0.278940028,687,522,561,661,598,Other,1,0,0,0,0,0,0
49fb42f51d,500,34,0,0,0,785,0,2010,4,1,8,62.5,2,108.48,500,391.52,0,4,0,0,1,0,0,1,0,1600,0.3125,616,560,552,634,591,Other,1,0,0,0,0,0,0
195fbe5739,300,30,0,0,1,700,1,2010,4,1,8,37.5,2,65.09,300,234.91,0,4,0,0,1,0,0,1,0,1360,0.220588235,681,603,654,659,636,Other,1,0,0,0,0,0,0
b5286ff5b4,400,33,0,0,0,1600,1,2010,4,1,4,100,1,107.61,400,292.39,0,4,0,0,1,0,0,0,0,4900,0.081632653,716,573,571,680,620,Other,1,0,0,0,0,0,0
d06841c8cf,300,50,0,0,1,865,1,2010,4,1,4,75,1,136.6,300,163.4,0,4,0,0,1,0,0,1,0,3200,0.09375,486,580,627,659,627,Other,1,0,0,0,0,0,0
90e4cdc381,500,51,0,0,1,1000,1,2010,2,1,4,125,2,129.35,500,370.65,0,2,0,0,1,0,0,0,0,2200,0.227272727,530,537,508,551,583,Other,1,0,0,0,0,0,0
c1a1065b7a,400,49,0,0,1,169,1,2010,4,1,4,100,1,182.14,400,217.86,0,4,0,0,1,0,0,1,0,1200,0.333333333,645,532,560,680,594,Other,1,0,0,0,0,0,0
0dba6b011d,500,27,0,0,1,1265,1,2010,6,1,13,38.46153846,2.166666667,77.39,500,422.61,0,6,0,0,1,0,0,0,0,4160,0.120192308,586,527,525,637,592,Other,1,0,0,0,0,0,0
96acbba7ed,400,62,0,1,0,1175,1,2010,4,1,8,50,2,86.79,400,313.21,0,4,0,0,1,0,0,1,1,5326,0.075103267,564,526,547,677,598,Other,1,0,0,0,0,0,0
289421d82a,500,21,1,0,0,0,1,2010,6,1,12,41.66666667,2,84.03,500,415.97,0,6,0,0,1,0,0,1,0,2200,0.227272727,663,501,501,623,531,Other,1,0,0,0,0,0,0
757f469cbe,500,18,1,0,1,720,1,2010,4,1,17,29.41176471,4.25,51.17,500,448.83,0,4,0,0,1,0,0,0,0,2400,0.208333333,523,501,501,501,501,Other,1,0,0,0,0,0,0
ae03151fee,500,30,0,0,1,190,1,2010,6,1,13,38.46153846,2.166666667,77.39,500,422.61,0,6,0,0,1,0,0,0,0,1200,0.416666667,712,585,663,711,603,Other,1,0,0,0,0,0,0
4ad5645ab4,400,25,0,0,1,0,0,2010,4,1,17,23.52941176,4.25,40.93,400,359.07,0,4,0,0,1,0,0,1,0,1920,0.208333333,765,654,675,728,625,Other,1,0,0,0,0,0,0
1d5ef602c4,250,23,1,0,1,860,0,2010,4,1,8,31.25,2,54.24,250,195.76,0,4,0,0,1,0,0,0,0,1200,0.208333333,252,501,535,628,544,Other,1,0,0,0,0,0,0
c4031886fc,400,22,1,0,1,300,1,2010,6,1,12,33.33333333,2,67.22,400,332.78,0,6,0,0,1,0,0,0,1,1160,0.344827586,734,614,642,693,583,Other,1,0,0,0,0,0,0
6a0eee2c2f,500,28,0,0,1,750,1,2010,6,1,13,38.46153846,2.166666667,77.39,500,422.61,0,6,0,0,1,0,0,1,1,9000,0.055555556,537,592,644,667,630,Other,1,0,0,0,0,0,0
a91c516d95,500,28,0,0,1,650,1,2010,6,1,13,38.46153846,2.166666667,77.39,500,422.61,0,6,0,0,1,0,0,0,0,600,0.833333333,645,501,501,649,557,Other,1,0,0,0,0,0,0
f0ad440808,500,37,0,0,1,635,1,2010,6,1,26,19.23076923,4.333333333,38.26,500,461.74,0,6,0,0,1,0,0,1,1,3600,0.138888889,557,525,538,648,599,Other,1,0,0,0,0,0,0
b4f2e3f3a3,800,32,0,0,1,889,1,2010,6,1,12,66.66666667,2,84.03,500,415.97,-300,6,0,1,1,0,0,1,1,2580,0.19379845,602,559,606,652,606,Other,1,0,0,0,0,0,0
f51a0a7f1e,300,30,0,0,1,0,1,2010,6,1,13,23.07692308,2.166666667,46.43,300,253.57,0,6,0,0,1,0,0,1,0,429,0.699300699,616,501,555,622,587,Other,1,0,0,0,0,0,0
16ae98338a,500,29,0,0,1,650,1,2010,6,1,12,41.66666667,2,84.03,500,415.97,0,6,0,0,1,0,0,0,1,4500,0.111111111,716,524,540,664,580,Other,1,0,0,0,0,0,0
b65c5bf553,800,30,0,0,1,700,1,2010,8,1,13,61.53846154,1.625,77.39,500,422.61,-300,6,2,1,1,0,0,0,1,4200,0.119047619,530,573,600,596,600,Other,1,0,0,0,0,0,0
2345f147a8,800,34,0,0,0,0,1,2010,7,1,15,53.33333333,2.142857143,113.56,800,686.44,0,7,0,0,1,0,0,0,1,1200,0.666666667,733,518,550,614,575,Other,1,0,0,0,0,0,0
ae74ebdb3a,500,51,0,0,1,1100,1,2010,5,1,5,100,1,193.91,500,306.09,0,5,0,0,1,0,0,0,1,3007,0.166278683,771,570,560,680,611,Other,1,0,0,0,0,0,0
e55a9a7293,700,48,0,0,1,750,1,2010,5,1,10,70,2,129.04,700,570.96,0,5,0,0,1,0,0,1,0,5260,0.133079848,645,556,556,669,604,Other,1,0,0,0,0,0,0
790388f19a,500,42,0,0,1,0,1,2010,5,1,10,50,2,94.7,500,405.3,0,5,0,0,1,0,0,0,0,2400,0.208333333,544,611,609,680,617,Other,1,0,0,0,0,0,0
d8583e2e58,500,35,0,0,1,0,1,2010,5,1,10,50,2,92.17,500,407.83,0,5,0,0,1,0,0,0,0,1200,0.416666667,638,534,549,618,560,Other,1,0,0,0,0,0,0
161bfb5807,500,36,0,0,1,89,1,2010,5,1,10,50,2,92.17,500,407.83,0,5,0,0,1,0,0,0,1,1120,0.446428571,762,543,563,639,598,Other,1,0,0,0,0,0,0
59c2cf163e,500,63,0,1,1,800,1,2010,5,1,5,100,1,193.91,500,306.09,0,5,0,0,1,0,0,1,1,2100,0.238095238,661,535,576,676,593,Other,1,0,0,0,0,0,0
7d724fba2a,500,45,0,0,1,400,1,2010,5,1,5,100,1,193.91,500,306.09,0,5,0,0,1,0,0,0,1,1100,0.454545455,716,517,520,605,564,Other,1,0,0,0,0,0,0
cc53bd5220,600,43,0,0,1,220,1,2010,5,1,10,60,2,110.61,600,489.39,0,5,0,0,1,0,0,1,1,4000,0.15,765,542,580,671,620,Other,1,0,0,0,0,0,0
213c714e9f,300,50,0,0,0,1143,1,2010,3,1,13,23.07692308,4.333333333,37.73,300,262.27,0,3,0,0,1,0,0,1,0,3652,0.082146769,586,580,569,680,627,Other,1,0,0,0,0,0,0
cfe9e0dc5e,800,49,0,0,0,891,1,2010,5,1,5,160,1,193.91,500,306.09,-300,5,0,1,1,0,0,1,1,1500,0.333333333,600,622,659,698,656,Other,1,0,0,0,0,0,0
f6bdc68cf8,500,24,1,0,1,0,1,2010,5,1,10,50,2,92.17,500,407.83,0,5,0,0,1,0,0,0,0,2400,0.208333333,541,531,547,680,582,Other,1,0,0,0,0,0,0
38e888a4db,500,31,0,0,1,129,1,2010,5,1,5,100,1,193.91,500,306.09,0,5,0,0,1,0,0,1,1,1718,0.291036088,734,543,570,654,598,Other,1,0,0,0,0,0,0
063080fb2b,700,63,0,1,1,800,1,2010,5,1,5,140,1,193.91,500,306.09,-200,5,0,1,1,0,0,1,1,2100,0.238095238,661,535,576,676,593,Other,1,0,0,0,0,0,0
096f7fdd06,600,21,1,0,1,0,0,2010,8,1,12,41.66666667,2,84.03,500,415.97,-100,6,2,1,1,0,0,0,0,960,0.520833333,642,502,503,648,534,Other,1,0,0,0,0,0,0
c814f62edd,400,29,0,0,1,400,1,2010,5,1,21,19.04761905,4.2,35.21,400,364.79,0,5,0,0,1,0,0,0,0,1400,0.285714286,581,507,535,614,586,Other,1,0,0,0,0,0,0
3744b9845d,500,50,0,0,0,1172,1,2010,5,1,5,100,1,109.18,500,390.82,0,5,0,0,1,0,0,1,0,4191,0.119303269,766,618,623,680,631,Other,1,0,0,0,0,0,0
b86063bf54,500,56,0,0,0,960,1,2010,5,1,5,100,1,193.91,500,306.09,0,5,0,0,1,0,0,1,0,3400,0.147058824,591,607,612,680,640,Other,1,0,0,0,0,0,0
61ac7c10c7,500,46,0,0,1,550,0,2010,5,1,10,50,2,92.17,500,407.83,0,5,0,0,1,0,0,1,0,1200,0.416666667,765,533,542,654,560,Other,1,0,0,0,0,0,0
2a2617c97d,500,40,0,0,0,1100,1,2010,5,1,10,50,2,92.17,500,407.83,0,5,0,0,1,0,0,1,1,4000,0.125,765,624,659,700,641,Other,1,0,0,0,0,0,0
d312d7c101,800,32,0,0,1,200,1,2010,7,1,15,53.33333333,2.142857143,113.56,800,686.44,0,7,0,0,1,0,0,1,0,3376,0.236966825,808,528,550,680,601,Other,1,0,0,0,0,0,0
4ccdce892b,500,30,0,0,1,871,1,2010,5,1,10,50,2,92.17,500,407.83,0,5,0,0,1,0,0,0,0,2040,0.245098039,716,540,553,650,612,Other,1,0,0,0,0,0,0
7709edf805,800,19,1,0,1,0,1,2010,8,1,12,66.66666667,1.5,84.03,500,415.97,-300,6,2,1,1,0,0,1,1,2000,0.25,768,648,649,713,594,Other,1,0,0,0,0,0,0
03bff4b96f,500,42,0,0,1,700,1,2010,5,1,10,50,2,92.17,500,407.83,0,5,0,0,1,0,0,0,0,1600,0.3125,544,574,584,671,612,Other,1,0,0,0,0,0,0
2061a0ba7e,300,48,0,0,0,1100,1,2010,5,1,10,30,2,56.82,300,243.18,0,5,0,0,1,0,0,1,1,3990,0.07518797,601,630,657,705,651,Other,1,0,0,0,0,0,0
b158a1fb49,500,40,0,0,0,0,1,2010,5,1,21,23.80952381,4.2,44.01,500,455.99,0,5,0,0,1,0,0,0,0,1200,0.416666667,716,514,532,647,566,Other,1,0,0,0,0,0,0
3dab7661bc,800,37,0,0,1,635,1,2010,6,1,26,30.76923077,4.333333333,61.22,800,738.78,0,6,0,0,1,0,0,1,1,3000,0.266666667,719,525,538,648,599,Other,1,0,0,0,0,0,0
84e158c07c,500,42,0,0,1,0,1,2010,5,1,5,100,1,193.91,500,306.09,0,5,0,0,1,0,0,0,0,1700,0.294117647,544,611,609,680,617,Other,1,0,0,0,0,0,0
b3f8618085,500,54,0,0,1,180,1,2010,5,1,10,50,2,92.17,500,407.83,0,5,0,0,1,0,0,1,0,1952,0.256147541,550,572,599,648,607,Other,1,0,0,0,0,0,0
de3f3759c5,500,44,0,0,0,1508,1,2010,5,1,10,50,2,92.17,500,407.83,0,5,0,0,1,0,0,1,1,5600,0.089285714,603,564,564,680,618,Other,1,0,0,0,0,0,0
a58918ea5f,500,52,0,0,0,0,1,2010,6,1,26,19.23076923,4.333333333,38.26,500,461.74,0,6,0,0,1,0,0,1,1,2000,0.25,638,558,605,680,617,Other,1,0,0,0,0,0,0
438f15880d,500,40,0,0,0,0,1,2010,6,1,13,38.46153846,2.166666667,77.39,500,422.61,0,6,0,0,1,0,0,1,0,3000,0.166666667,612,527,515,656,583,Other,1,0,0,0,0,0,0
6b0eb405a9,800,60,0,0,0,0,1,2010,8,1,13,61.53846154,1.625,77.39,500,422.61,-300,6,2,1,1,0,0,1,1,1934,0.258531541,547,565,597,680,596,Other,1,0,0,0,0,0,0
2bb71af254,800,49,0,0,1,450,1,2010,8,1,12,66.66666667,1.5,84.03,500,415.97,-300,6,2,1,1,0,0,1,1,1600,0.3125,713,532,598,580,589,Other,1,0,0,0,0,0,0
a5dc7f28a0,800,57,0,0,1,715,1,2010,6,1,6,133.3333333,1,171.75,500,328.25,-300,6,0,1,1,0,0,1,1,2044,0.244618395,621,501,501,597,580,Other,1,0,0,0,0,0,0
69ab210ca1,500,52,0,0,1,1065,1,2010,5,1,10,50,2,92.17,500,407.83,0,5,0,0,1,0,0,1,0,3066,0.16307893,589,535,535,648,604,Other,1,0,0,0,0,0,0
eeec4eb4da,500,33,0,0,1,150,1,2010,5,1,5,100,1,193.91,500,306.09,0,5,0,0,1,0,0,0,0,2351,0.212675457,763,526,544,660,561,Other,1,0,0,0,0,0,0
651bfa844b,800,21,1,0,1,625,1,2010,8,1,13,61.53846154,1.625,77.39,500,422.61,-300,6,2,1,1,0,0,0,1,1400,0.357142857,716,501,536,618,543,Other,1,0,0,0,0,0,0
670150fcc4,500,53,0,0,1,0,0,2010,5,1,10,50,2,92.17,500,407.83,0,5,0,0,1,0,0,1,0,900,0.555555556,541,535,579,680,608,Other,1,0,0,0,0,0,0
6856486a4f,800,39,0,0,1,400,0,2010,5,1,21,23.80952381,4.2,44.01,500,455.99,-300,5,0,1,1,0,0,1,0,2000,0.25,745,501,548,644,558,Other,1,0,0,0,0,0,0
5974458fa5,800,43,0,0,1,400,1,2010,5,1,21,38.0952381,4.2,44.01,500,455.99,-300,5,0,1,1,0,0,0,1,2240,0.223214286,544,586,596,664,592,Other,1,0,0,0,0,0,0
4ffa8ffab7,500,42,0,0,1,750,1,2010,5,1,21,23.80952381,4.2,44.01,500,455.99,0,5,0,0,1,0,0,0,0,4000,0.125,716,507,520,660,557,Other,1,0,0,0,0,0,0
32afdd828f,500,32,0,0,1,650,0,2010,5,1,10,50,2,92.17,500,407.83,0,5,0,0,1,0,0,1,0,1400,0.357142857,763,522,535,647,576,Other,1,0,0,0,0,0,0
39e522717c,400,31,0,0,1,0,1,2010,8,1,13,30.76923077,1.625,61.91,400,338.09,0,6,2,1,1,0,0,1,1,1200,0.333333333,546,559,616,643,601,Other,1,0,0,0,0,0,0
8786986d4c,800,27,0,0,1,700,0,2010,3,1,6,133.3333333,2,221.57,800,578.43,0,3,0,0,1,0,0,1,0,2700,0.296296296,660,549,565,663,585,Other,1,0,0,0,0,0,0
831b70959f,700,25,0,0,0,1500,1,2010,5,1,21,23.80952381,4.2,44.01,500,455.99,-200,5,0,1,1,0,0,1,0,2400,0.208333333,50,222,222,222,222,Other,1,0,0,0,0,0,0
90901a8096,800,43,0,0,1,530,1,2010,3,1,3,166.6666667,1,284.69,500,215.31,-300,3,0,1,1,0,0,0,0,900,0.555555556,732,516,557,656,583,Other,1,0,0,0,0,0,0
831105c88c,500,32,0,0,1,475,0,2010,5,1,21,23.80952381,4.2,44.01,500,455.99,0,5,0,0,1,0,0,1,0,2400,0.208333333,541,510,539,630,589,Other,1,0,0,0,0,0,0
b428a201ef,300,53,0,0,0,600,1,2010,5,1,10,30,2,55.3,300,244.7,0,5,0,0,1,0,0,1,0,1400,0.214285714,574,560,581,680,616,Other,1,0,0,0,0,0,0
35f2509873,800,56,0,0,1,600,1,2010,6,1,13,61.53846154,2.166666667,77.39,500,422.61,-300,6,0,1,1,0,0,1,1,2042,0.244857982,544,618,657,708,639,Other,1,0,0,0,0,0,0
669311c476,500,29,0,0,0,0,1,2010,5,1,10,50,2,92.17,500,407.83,0,5,0,0,1,0,0,1,0,3152,0.158629442,577,501,525,632,564,Other,1,0,0,0,0,0,0
a229b97fcc,800,29,0,0,1,200,1,2010,6,1,12,66.66666667,2,134.45,800,665.55,0,6,0,0,1,0,0,1,1,2200,0.363636364,734,544,556,680,589,Other,1,0,0,0,0,0,0
a7e545c03d,500,44,0,0,1,400,1,2010,5,1,10,50,2,92.17,500,407.83,0,5,0,0,1,0,0,0,1,1600,0.3125,716,546,540,657,590,Other,1,0,0,0,0,0,0
ce9b5c8623,700,42,0,0,1,635,1,2010,8,1,17,41.17647059,2.125,92.64,700,607.36,0,8,0,0,1,0,0,0,1,1514,0.462351387,713,522,548,622,607,Other,1,0,0,0,0,0,0
3c3a9ad8e8,800,28,0,0,0,0,0,2010,6,1,13,61.53846154,2.166666667,123.82,800,676.18,0,6,0,0,1,0,0,1,1,1100,0.727272727,719,621,692,731,618,Other,1,0,0,0,0,0,0
021b03f1b5,500,37,0,0,1,1250,1,2010,5,1,21,23.80952381,4.2,44.01,500,455.99,0,5,0,0,1,0,0,0,0,6000,0.083333333,663,618,682,703,630,Other,1,0,0,0,0,0,0
7a8b40eb75,500,37,0,0,0,450,1,2010,5,1,10,50,2,94.7,500,405.3,0,5,0,0,1,0,0,1,0,2200,0.227272727,661,547,580,676,612,Other,1,0,0,0,0,0,0
07e2ff471b,700,29,0,0,1,300,1,2010,8,1,34,20.58823529,4.25,45.86,700,654.14,0,8,0,0,1,0,0,0,0,1550,0.451612903,733,557,587,656,604,Other,1,0,0,0,0,0,0
b4c59c7612,500,36,0,0,1,600,1,2010,5,1,10,50,2,92.17,500,407.83,0,5,0,0,1,0,0,0,0,2460,0.203252033,530,599,644,673,627,Other,1,0,0,0,0,0,0
e13fec332e,800,40,0,0,0,1000,1,2010,8,1,13,38.46153846,2.166666667,77.39,500,422.61,-300,6,2,1,1,0,0,1,0,2200,0.227272727,612,679,718,756,618,Other,1,0,0,0,0,0,0
5d30f10075,800,44,0,0,0,1050,1,2010,8,1,16,50,2,113.77,800,686.23,0,8,0,0,1,0,0,1,1,4800,0.166666667,765,614,655,684,627,Other,1,0,0,0,0,0,0
3b7cef3bf7,300,26,0,0,1,500,0,2010,8,1,12,25,2,50.42,300,249.58,0,6,2,1,1,0,0,0,0,2200,0.136363636,759,531,579,608,559,Other,1,0,0,0,0,0,0
68283e555e,800,26,0,0,1,200,1,2010,8,1,13,38.46153846,2.166666667,77.39,500,422.61,-300,6,2,1,1,0,0,0,0,1800,0.277777778,559,550,635,631,592,Other,1,0,0,0,0,0,0
88bc9b54ef,500,39,0,0,0,250,1,2010,5,1,5,100,1,193.91,500,306.09,0,5,0,0,1,0,0,1,0,2102,0.237868696,599,568,588,659,580,Other,1,0,0,0,0,0,0
e1e9512a7a,600,27,0,0,1,425,1,2010,5,1,10,60,2,92.17,500,407.83,-100,5,0,1,1,0,0,0,1,1800,0.277777778,734,515,501,632,567,Other,1,0,0,0,0,0,0
8933adf997,800,47,0,0,1,800,1,2010,4,1,17,47.05882353,4.25,81.87,800,718.13,0,4,0,0,1,0,0,1,1,1980,0.404040404,582,561,599,680,633,Other,1,0,0,0,0,0,0
c701d6ea24,500,42,0,0,1,850,1,2010,5,1,10,50,2,92.17,500,407.83,0,5,0,0,1,0,0,1,1,1900,0.263157895,639,534,607,608,558,Other,1,0,0,0,0,0,0
d197fd3d12,500,41,0,0,1,900,1,2010,5,1,10,50,2,92.17,500,407.83,0,5,0,0,1,0,0,1,1,3400,0.147058824,602,603,643,671,606,Other,1,0,0,0,0,0,0
8be01a4e5b,500,33,0,0,1,0,1,2010,5,1,21,23.80952381,4.2,44.01,500,455.99,0,5,0,0,1,0,0,0,0,1200,0.416666667,664,509,517,564,588,Other,1,0,0,0,0,0,0
5a7c6c7fd9,800,40,0,0,0,1400,1,2010,5,1,10,80,2,147.47,800,652.53,0,5,0,0,1,0,0,1,1,3100,0.258064516,678,569,585,680,631,Other,1,0,0,0,0,0,0
4801b08d2c,500,39,0,0,0,676,1,2010,5,1,10,50,2,92.17,500,407.83,0,5,0,0,1,0,0,1,0,2392,0.2090301,780,559,540,660,581,Other,1,0,0,0,0,0,0
3e7ae01d2f,800,46,0,0,0,1216,1,2010,5,1,5,160,1,193.91,500,306.09,-300,5,0,1,1,0,0,1,1,4703,0.106315118,542,603,590,680,637,Other,1,0,0,0,0,0,0
43f95271b3,800,38,0,0,1,500,1,2010,8,1,17,47.05882353,2.125,105.88,800,694.12,0,8,0,0,1,0,0,1,1,3780,0.211640212,765,632,650,705,627,Other,1,0,0,0,0,0,0
b3f9914dbb,600,59,0,0,1,500,1,2010,8,1,13,46.15384615,1.625,77.39,500,422.61,-100,6,2,1,1,0,0,0,1,2400,0.208333333,660,581,591,680,617,Other,1,0,0,0,0,0,0
eba05d27c7,800,34,0,0,1,1000,1,2010,3,1,13,38.46153846,4.333333333,62.88,500,437.12,-300,3,0,1,1,0,0,0,0,1880,0.265957447,521,586,636,678,609,Other,1,0,0,0,0,0,0
418abe2912,500,39,0,0,1,450,1,2010,8,1,12,41.66666667,1.5,84.03,500,415.97,0,6,2,1,1,0,0,1,1,2328,0.214776632,573,612,649,682,618,Other,1,0,0,0,0,0,0
a2b8c6090c,500,49,0,0,1,585,1,2010,5,1,21,23.80952381,4.2,44.01,500,455.99,0,5,0,0,1,0,0,0,0,2200,0.227272727,763,540,565,673,599,Other,1,0,0,0,0,0,0
6c5242f2a5,800,34,0,0,1,200,1,2010,8,1,12,41.66666667,2,84.03,500,415.97,-300,6,2,1,1,0,0,1,0,2550,0.196078431,663,508,501,641,583,Other,1,0,0,0,0,0,0
d91d47325b,400,56,0,0,1,400,1,2010,8,1,6,66.66666667,0.75,137.4,400,262.6,0,6,2,1,1,0,0,1,1,1912,0.209205021,593,601,640,645,614,Other,1,0,0,0,0,0,0
8effed4b67,500,52,0,0,0,1050,0,2010,5,1,10,50,2,92.17,500,407.83,0,5,0,0,1,0,0,1,1,2720,0.183823529,567,546,555,680,594,Other,1,0,0,0,0,0,0
d7001aa34e,300,39,0,0,1,600,1,2010,5,1,10,30,2,55.3,300,244.7,0,5,0,0,1,0,0,1,1,1800,0.166666667,555,511,514,634,579,Other,1,0,0,0,0,0,0
4.13198E+13,800,56,0,0,0,490,0,2010,5,1,10,80,2,151.51,800,648.49,0,5,0,0,1,0,0,1,1,3100,0.258064516,749,589,600,680,634,Other,1,0,0,0,0,0,0
1c2a95e85b,500,42,0,0,1,750,1,2010,5,1,10,50,2,92.17,500,407.83,0,5,0,0,1,0,0,0,1,960,0.520833333,754,529,519,649,595,Other,1,0,0,0,0,0,0
8e65defaac,800,42,0,0,0,734,1,2010,5,1,10,50,2,92.17,500,407.83,-300,5,0,1,1,0,0,1,0,2500,0.2,602,514,550,573,580,Other,1,0,0,0,0,0,0
ae6db7c42b,800,36,0,0,0,954,1,2010,8,1,8,100,1,231.76,800,568.24,0,8,0,0,1,0,0,1,1,3100,0.258064516,754,587,573,680,626,Other,1,0,0,0,0,0,0
a67b508060,500,27,0,0,1,0,0,2010,8,1,17,29.41176471,2.125,66.17,500,433.83,0,8,0,0,1,0,0,0,1,700,0.714285714,760,646,674,740,632,Other,1,0,0,0,0,0,0
ea7ea919be,500,27,0,0,1,400,0,2010,5,1,10,50,2,92.17,500,407.83,0,5,0,0,1,0,0,0,1,2200,0.227272727,734,510,556,653,569,Other,1,0,0,0,0,0,0
999a3f6650,500,22,1,0,1,370,1,2010,8,1,12,41.66666667,2,84.03,500,415.97,0,6,2,1,1,0,0,0,0,1580,0.316455696,663,501,533,643,555,Other,1,0,0,0,0,0,0
b636e56bca,800,43,0,0,0,1350,1,2010,6,1,13,61.53846154,2.166666667,123.82,800,676.18,0,6,0,0,1,0,0,1,1,3000,0.266666667,602,624,645,681,641,Other,1,0,0,0,0,0,0
9218a4a50e,300,63,0,1,0,888,0,2010,5,1,5,60,1,116.34,300,183.66,0,5,0,0,1,0,0,1,1,1224,0.245098039,522,593,592,680,620,Other,1,0,0,0,0,0,0
06c99dba63,400,66,0,1,1,550,1,2010,5,1,5,80,1,155.12,400,244.88,0,5,0,0,1,0,0,0,0,2394,0.167084378,580,575,551,680,612,Other,1,0,0,0,0,0,0
254ed2f678,500,50,0,0,1,950,1,2010,5,1,5,100,1,193.91,500,306.09,0,5,0,0,1,0,0,0,1,4385,0.114025086,586,550,536,677,599,Other,1,0,0,0,0,0,0
7d21a8040f,800,32,0,0,1,800,1,2010,8,1,13,38.46153846,2.166666667,77.39,500,422.61,-300,6,2,1,1,0,0,1,0,6000,0.083333333,654,517,526,664,570,Other,1,0,0,0,0,0,0
dfb2f1ec63,800,34,0,0,1,1075,1,2010,8,1,13,61.53846154,1.625,77.39,500,422.61,-300,6,2,1,1,0,0,0,1,3450,0.144927536,297,610,654,693,629,Other,1,0,0,0,0,0,0
8f9a8d56a4,550,31,0,0,0,600,1,2010,5,1,10,50,2,92.17,500,407.83,-50,5,0,1,1,0,0,1,0,1400,0.357142857,532,603,654,659,636,Other,1,0,0,0,0,0,0
4980ed214e,800,53,0,0,0,600,1,2010,8,1,13,38.46153846,2.166666667,77.39,500,422.61,-300,6,2,1,1,0,0,1,0,1500,0.333333333,574,557,582,680,617,Other,1,0,0,0,0,0,0
2b635765f0,500,28,0,0,1,900,1,2010,5,1,10,50,2,94.7,500,405.3,0,5,0,0,1,0,0,0,0,6338,0.07888924,583,558,608,672,605,Other,1,0,0,0,0,0,0
f52446dd8f,500,65,0,1,0,1714,0,2010,4,1,4,125,1,227.67,500,272.33,0,4,0,0,1,0,0,1,1,10000,0.05,536,627,660,705,662,Other,1,0,0,0,0,0,0
ce7456a9e0,300,31,0,0,1,600,1,2010,7,1,12,25,2,50.42,300,249.58,0,6,1,1,1,0,0,1,0,1470,0.204081633,645,529,569,665,586,Other,1,0,0,0,0,0,0
2ac47a61e0,300,79,0,1,0,0,1,2010,5,1,5,60,1,116.34,300,183.66,0,5,0,0,1,0,0,1,0,1327,0.226073851,621,587,607,680,636,Other,1,0,0,0,0,0,0
56de6d7823,500,41,0,0,1,600,1,2010,5,1,10,50,2,92.17,500,407.83,0,5,0,0,1,0,0,0,0,3500,0.142857143,716,515,544,584,575,Other,1,0,0,0,0,0,0
70409dc892,500,35,0,0,0,1142,1,2010,5,1,21,23.80952381,4.2,44.01,500,455.99,0,5,0,0,1,0,0,0,1,2400,0.208333333,681,610,661,656,633,Other,1,0,0,0,0,0,0
c7e8c1cc92,800,46,0,0,1,0,0,2010,5,1,10,50,2,94.7,500,405.3,-300,5,0,1,1,0,0,1,0,1800,0.277777778,536,529,543,607,608,Other,1,0,0,0,0,0,0
977ab97cf0,800,43,0,0,0,1308,1,2010,5,1,10,80,2,147.47,800,652.53,0,5,0,0,1,0,0,1,0,3843,0.2081707,661,657,670,703,650,Other,1,0,0,0,0,0,0
b1b61133de,800,21,1,0,1,0,1,2010,8,1,26,30.76923077,3.25,38.26,500,461.74,-300,6,2,1,1,0,0,1,1,2392,0.2090301,580,525,551,666,568,Other,1,0,0,0,0,0,0
d013fa3f91,300,26,0,0,0,800,1,2010,4,1,4,75,1,136.6,300,163.4,0,4,0,0,1,0,0,1,1,3100,0.096774194,616,620,657,721,613,Other,1,0,0,0,0,0,0
6a4e4b09d5,500,61,0,1,0,1600,0,2010,5,1,10,50,2,92.17,500,407.83,0,5,0,0,1,0,0,0,1,2000,0.25,528,592,571,680,609,Other,1,0,0,0,0,0,0
e60893efc5,500,46,0,0,1,1200,1,2010,5,1,21,23.80952381,4.2,44.01,500,455.99,0,5,0,0,1,0,0,1,0,2080,0.240384615,616,603,661,694,562,Other,1,0,0,0,0,0,0
a15e74274b,800,26,0,0,1,350,0,2010,8,1,17,47.05882353,2.125,105.88,800,694.12,0,8,0,0,1,0,0,0,0,770,1.038961039,765,541,554,625,565,Other,1,0,0,0,0,0,0
4d314e8c97,800,36,0,0,1,980,1,2010,8,1,13,38.46153846,2.166666667,77.39,500,422.61,-300,6,2,1,1,0,0,0,0,2300,0.217391304,593,552,534,661,582,Other,1,0,0,0,0,0,0
f22d21ddad,500,45,0,0,0,1510,1,2010,5,1,10,50,2,92.17,500,407.83,0,5,0,0,1,0,0,1,1,3120,0.16025641,599,653,677,715,657,Other,1,0,0,0,0,0,0
43d9b7b620,500,27,0,0,1,0,1,2010,5,1,10,50,2,92.17,500,407.83,0,5,0,0,1,0,0,0,0,2250,0.222222222,766,577,627,685,614,Other,1,0,0,0,0,0,0
2210108642,800,55,0,0,0,0,1,2010,8,1,13,61.53846154,1.625,77.39,500,422.61,-300,6,2,1,1,0,0,1,1,1740,0.287356322,544,604,640,678,636,Other,1,0,0,0,0,0,0
dd57e28127,300,51,0,0,1,725,0,2010,8,1,12,25,1.5,50.42,300,249.58,0,6,2,1,1,0,0,0,1,1500,0.2,623,588,633,680,625,Other,1,0,0,0,0,0,0
a09e3b7ed6,600,44,0,0,0,500,1,2010,3,1,13,46.15384615,4.333333333,75.46,600,524.54,0,3,0,0,1,0,0,1,1,3300,0.181818182,536,539,581,665,608,Other,1,0,0,0,0,0,0
6db5d458a7,800,58,0,0,1,150,1,2010,8,1,8,100,1,231.76,800,568.24,0,8,0,0,1,0,0,1,1,2700,0.296296296,760,638,687,706,643,Other,1,0,0,0,0,0,0
eafb0e1828,800,47,0,0,1,325,1,2010,8,1,12,66.66666667,1.5,84.03,500,415.97,-300,6,2,1,1,0,0,1,1,19392,0.025783828,478,576,586,680,631,Other,1,0,0,0,0,0,0
88ca079479,800,57,0,0,1,500,1,2010,5,1,5,100,1,193.91,500,306.09,-300,5,0,1,1,0,0,1,0,3892,0.128468654,612,535,577,680,600,Other,1,0,0,0,0,0,0
6fa7f5d488,800,47,0,0,1,750,1,2010,7,1,13,61.53846154,1.857142857,77.39,500,422.61,-300,6,1,1,1,0,0,1,1,2176,0.229779412,392,563,591,667,614,Other,1,0,0,0,0,0,0
4dad1a9de6,500,45,0,0,0,1500,1,2010,5,1,5,100,1,193.91,500,306.09,0,5,0,0,1,0,0,0,0,3752,0.13326226,677,613,643,689,622,Other,1,0,0,0,0,0,0
1cc4c7d3cb,500,23,1,0,1,250,0,2010,5,1,21,23.80952381,4.2,44.01,500,455.99,0,5,0,0,1,0,0,0,1,1900,0.263157895,536,584,596,697,594,Other,1,0,0,0,0,0,0
d18ccff8f6,600,24,1,0,1,550,1,2010,8,1,17,35.29411765,2.125,79.41,600,520.59,0,8,0,0,1,0,0,0,1,2200,0.272727273,586,545,554,671,578,Other,1,0,0,0,0,0,0
62b316d4e6,750,20,1,0,1,0,1,2010,8,1,13,38.46153846,2.166666667,77.39,500,422.61,-250,6,2,1,1,0,0,1,0,1200,0.416666667,603,555,598,625,574,Other,1,0,0,0,0,0,0
7cfa820da2,300,39,0,0,1,400,1,2010,5,1,10,30,2,55.3,300,244.7,0,5,0,0,1,0,0,1,0,1200,0.25,601,562,583,680,603,Other,1,0,0,0,0,0,0
042bf4bb0e,800,34,0,0,1,550,1,2010,3,1,6,83.33333333,2,138.48,500,361.52,-300,3,0,1,1,0,0,1,0,5400,0.092592593,623,505,556,680,581,Other,1,0,0,0,0,0,0
fffd5d09ec,500,44,0,0,1,975,1,2010,5,1,10,50,2,94.7,500,405.3,0,5,0,0,1,0,0,1,1,3000,0.166666667,663,526,544,656,590,Other,1,0,0,0,0,0,0
f256777946,800,27,0,0,1,0,1,2010,8,1,17,47.05882353,2.125,105.88,800,694.12,0,8,0,0,1,0,0,0,1,1100,0.727272727,765,698,696,752,640,Other,1,0,0,0,0,0,0
43e2f8823a,600,40,0,0,1,450,1,2010,5,1,10,60,2,110.61,600,489.39,0,5,0,0,1,0,0,0,1,2350,0.255319149,734,634,663,686,627,Other,1,0,0,0,0,0,0
058614dd7b,800,22,1,0,1,400,1,2010,8,1,13,61.53846154,1.625,77.39,500,422.61,-300,6,2,1,1,0,0,0,1,1520,0.328947368,523,610,632,703,588,Other,1,0,0,0,0,0,0
9f3fa8c90a,500,51,0,0,1,650,1,2010,6,1,13,38.46153846,2.166666667,77.39,500,422.61,0,6,0,0,1,0,0,1,0,1800,0.277777778,713,501,517,618,559,Other,1,0,0,0,0,0,0
939a9ac410,800,53,0,0,1,1200,1,2010,3,1,6,83.33333333,2,136,500,364,-300,3,0,1,1,0,0,0,0,3400,0.147058824,544,655,665,721,636,Other,1,0,0,0,0,0,0
6e9180ff29,500,31,0,0,1,0,1,2011,5,1,10,50,2,92.17,500,407.83,0,5,0,0,1,0,0,1,0,1000,0.5,599,517,541,651,582,Other,1,0,0,0,0,0,0
873352dc55,600,47,0,0,1,400,1,2011,6,1,26,19.23076923,4.333333333,38.26,500,461.74,-100,6,0,1,1,0,0,0,0,1120,0.446428571,523,526,572,680,592,Other,1,0,0,0,0,0,0
625f005cf8,600,50,0,0,0,0,1,2011,5,1,10,60,2,92.17,500,407.83,-100,5,0,1,1,0,0,1,1,2000,0.25,645,532,572,680,587,Won't say,0,0,0,0,0,0,0
2f050cda86,500,37,0,0,1,388,1,2011,5,1,5,100,1,193.91,500,306.09,0,5,0,0,1,0,0,1,0,2020,0.247524752,716,564,584,678,609,Other,1,0,0,0,0,0,0
7dd971ace5,800,28,0,0,1,400,1,2011,8,1,12,41.66666667,2,84.03,500,415.97,-300,6,2,1,1,0,0,0,0,800,0.625,710,561,640,692,581,Other,1,0,0,0,0,0,0
efa4108f32,800,62,0,1,1,0,0,2011,6,1,12,41.66666667,2,84.03,500,415.97,-300,6,0,1,1,0,0,0,0,2820,0.177304965,719,543,567,605,592,Other,1,0,0,0,0,0,0
8319592a2b,800,52,0,0,1,1050,1,2011,8,1,17,47.05882353,2.125,105.88,800,694.12,0,8,0,0,1,0,0,0,1,2700,0.296296296,771,592,587,680,614,Other,1,0,0,0,0,0,0
5e1e9320fc,500,51,0,0,1,1150,1,2011,5,1,21,23.80952381,4.2,44.01,500,455.99,0,5,0,0,1,0,0,1,1,2800,0.178571429,619,583,587,680,621,Other,1,0,0,0,0,0,0
2b7f2975dc,400,20,1,0,1,725,1,2011,6,1,6,66.66666667,1,137.4,400,262.6,0,6,0,0,1,0,0,0,1,1350,0.296296296,733,610,621,684,591,Other,1,0,0,0,0,0,0
8cba87f8e4,600,51,0,0,1,665,1,2011,5,1,10,50,2,92.17,500,407.83,-100,5,0,1,1,0,0,0,0,1800,0.277777778,573,515,522,656,582,Other,1,0,0,0,0,0,0
e3f772b921,800,58,0,0,0,0,1,2011,8,1,12,66.66666667,1.5,84.03,500,415.97,-300,6,2,1,1,0,0,1,1,6000,0.083333333,601,552,589,680,578,Other,1,0,0,0,0,0,0
f048f4a66c,500,26,0,0,0,420,0,2011,5,1,10,50,2,92.17,500,407.83,0,5,0,0,1,0,0,1,1,3200,0.15625,645,507,536,632,571,Other,1,0,0,0,0,0,0
8cf7f18789,500,26,0,0,1,625,1,2011,5,1,10,50,2,92.17,500,407.83,0,5,0,0,1,0,0,0,1,2400,0.208333333,677,557,596,623,587,Other,1,0,0,0,0,0,0
995a9883ba,700,59,0,0,1,350,1,2011,5,1,10,70,2,92.17,500,407.83,-200,5,0,1,1,0,0,1,1,1954,0.255885363,586,524,546,664,564,Other,1,0,0,0,0,0,0
d46ccf8c94,500,50,0,0,0,1143,1,2011,5,1,21,23.80952381,4.2,44.01,500,455.99,0,5,0,0,1,0,0,1,1,3656,0.136761488,586,580,569,680,627,Other,1,0,0,0,0,0,0
ec2944b42a,400,54,0,0,0,1431,1,2011,5,1,10,40,2,73.74,400,326.26,0,5,0,0,1,0,0,1,1,4236,0.094428706,538,577,597,680,628,Other,1,0,0,0,0,0,0
74aecd6053,400,40,0,0,1,500,0,2011,8,1,8,50,1,115.88,400,284.12,0,8,0,0,1,0,0,1,0,3100,0.129032258,425,612,656,714,622,Other,1,0,0,0,0,0,0
edd197e12f,800,58,0,0,0,0,1,2011,8,1,13,61.53846154,1.625,77.39,500,422.61,-300,6,2,1,1,0,0,1,1,1800,0.277777778,614,576,577,680,617,Other,1,0,0,0,0,0,0
84bff12caf,500,43,0,0,1,500,1,2011,5,1,10,50,2,94.7,500,405.3,0,5,0,0,1,0,0,1,1,2800,0.178571429,645,520,530,623,594,Other,1,0,0,0,0,0,0
1df9195778,600,22,1,0,1,0,1,2011,7,1,6,83.33333333,1,171.75,500,328.25,-100,6,1,1,1,0,0,0,0,1300,0.384615385,538,603,623,701,605,Other,1,0,0,0,0,0,0
ea09a23806,400,21,1,0,1,100,1,2011,5,1,10,40,2,73.74,400,326.26,0,5,0,0,1,0,0,0,1,1300,0.307692308,594,584,638,708,576,Other,1,0,0,0,0,0,0
8b88d9b5b4,600,19,1,0,1,350,1,2011,6,1,13,38.46153846,2.166666667,77.39,500,422.61,-100,6,0,1,1,0,0,0,0,1200,0.416666667,645,501,544,582,526,Other,1,0,0,0,0,0,0
f15f2fb945,800,52,0,0,0,648,0,2011,8,1,13,38.46153846,2.166666667,77.39,500,422.61,-300,6,2,1,1,0,0,1,0,5000,0.1,541,578,571,680,608,Other,1,0,0,0,0,0,0
b1a2837477,300,67,0,1,1,200,1,2011,3,1,3,100,1,170.81,300,129.19,0,3,0,0,1,0,0,1,0,1487,0.201748487,568,538,545,680,590,Other,1,0,0,0,0,0,0
b059e56426,700,46,0,0,1,800,1,2011,5,1,10,70,2,129.04,700,570.96,0,5,0,0,1,0,0,1,1,4400,0.159090909,763,573,596,680,617,Other,1,0,0,0,0,0,0
2fc10f8b23,400,39,0,0,1,100,1,2011,6,1,13,30.76923077,2.166666667,61.91,400,338.09,0,6,0,0,1,0,0,1,1,1160,0.344827586,765,599,643,671,635,Other,1,0,0,0,0,0,0
bfaa191e0a,800,43,0,0,1,425,1,2011,6,1,13,38.46153846,2.166666667,77.39,500,422.61,-300,6,0,1,1,0,0,0,0,2520,0.198412698,734,578,600,670,605,Other,1,0,0,0,0,0,0
3efabf838c,600,51,0,0,0,1600,1,2011,3,1,3,200,1,284.69,500,215.31,-100,3,0,1,1,0,0,1,1,4837,0.103369857,427,623,652,704,638,Other,1,0,0,0,0,0,0
529d352413,800,50,0,0,1,1250,1,2011,6,1,12,41.66666667,2,84.03,500,415.97,-300,6,0,1,1,0,0,0,0,6134,0.081512879,577,628,644,685,621,Other,1,0,0,0,0,0,0
31e51d3196,800,40,0,0,0,1052,1,2011,8,1,17,47.05882353,2.125,105.88,800,694.12,0,8,0,0,1,0,0,1,0,2082,0.384245917,557,548,581,675,613,Other,1,0,0,0,0,0,0
a6cd560a03,800,29,0,0,1,685,1,2011,8,1,13,38.46153846,2.166666667,77.39,500,422.61,-300,6,2,1,1,0,0,0,0,3288,0.152068127,766,501,514,597,564,Other,1,0,0,0,0,0,0
d303a6bfe1,800,48,0,0,0,603,1,2011,8,1,12,41.66666667,2,84.03,500,415.97,-300,6,2,1,1,0,0,1,0,2200,0.227272727,619,570,606,680,607,Other,1,0,0,0,0,0,0
85c5232431,800,52,0,0,0,550,1,2011,8,1,8,100,1,231.76,800,568.24,0,8,0,0,1,0,0,1,1,1500,0.533333333,749,555,584,671,613,Other,1,0,0,0,0,0,0
1df33f4bcd,500,25,0,0,1,200,1,2011,5,1,10,50,2,92.17,500,407.83,0,5,0,0,1,0,0,0,0,1456,0.343406593,544,555,587,680,584,Other,1,0,0,0,0,0,0
443916cebd,500,70,0,1,0,0,0,2011,5,1,5,100,1,193.91,500,306.09,0,5,0,0,1,0,0,1,1,800,0.625,616,566,588,680,628,Other,1,0,0,0,0,0,0
1877fa8ee8,800,40,0,0,0,1309,1,2011,8,1,13,38.46153846,2.166666667,77.39,500,422.61,-300,6,2,1,1,0,0,1,0,2478,0.201775626,601,578,629,669,614,Other,1,0,0,0,0,0,0
ef9475961b,800,40,0,0,1,800,1,2011,8,1,17,47.05882353,2.125,105.88,800,694.12,0,8,0,0,1,0,0,1,1,1920,0.416666667,568,533,564,663,599,Other,1,0,0,0,0,0,0
6927215a95,600,35,0,0,1,600,0,2011,6,0,6,83.33333333,1,171.75,500,328.25,-100,6,0,1,1,0,0,0,0,2400,0.208333333,574,552,558,660,607,Won't say,0,0,0,0,0,0,0
99da2c0bb1,500,43,0,0,1,517,1,2011,6,1,13,38.46153846,2.166666667,77.39,500,422.61,0,6,0,0,1,0,0,0,0,1280,0.390625,645,501,548,675,567,Other,1,0,0,0,0,0,0
1f4b9045a0,800,29,0,0,1,0,0,2011,8,1,8,100,1,231.76,800,568.24,0,8,0,0,1,0,0,0,0,2200,0.363636364,557,592,561,680,611,Other,1,0,0,0,0,0,0
bf8d0da5c4,800,48,0,0,0,1900,1,2011,5,1,10,80,2,147.47,800,652.53,0,5,0,0,1,0,0,1,1,3982,0.200904068,641,626,674,734,611,Other,1,0,0,0,0,0,0
edcef83656,700,25,0,0,1,0,1,2011,3,1,6,116.6666667,2,190.4,700,509.6,0,3,0,0,1,0,0,1,1,3952,0.177125506,639,583,631,700,616,Other,1,0,0,0,0,0,0
dda633dca1,400,41,0,0,1,525,1,2011,6,1,12,33.33333333,2,67.22,400,332.78,0,6,0,0,1,0,0,1,0,1600,0.25,713,501,501,600,563,Other,1,0,0,0,0,0,0
cf67d3f725,800,37,0,0,1,0,1,2011,8,1,6,133.3333333,0.75,171.75,500,328.25,-300,6,2,1,1,0,0,1,1,2600,0.192307692,545,552,592,677,613,Other,1,0,0,0,0,0,0
d39ccfc3a5,500,33,0,0,1,0,0,2011,8,1,6,83.33333333,1,171.75,500,328.25,0,6,2,1,1,0,0,0,0,300,1.666666667,539,587,642,690,602,Other,1,0,0,0,0,0,0
c632d7389b,500,38,0,0,0,2000,1,2011,8,1,13,38.46153846,1.625,77.39,500,422.61,0,6,2,1,1,0,0,1,1,5000,0.1,581,591,593,680,621,Other,1,0,0,0,0,0,0
ee90cb8777,600,32,0,0,0,900,1,2011,8,1,8,75,1,173.82,600,426.18,0,8,0,0,1,0,0,0,1,3007,0.19953442,780,608,704,740,617,Other,1,0,0,0,0,0,0
8ad3ac65b0,500,58,0,0,1,1100,1,2011,6,1,13,38.46153846,2.166666667,77.39,500,422.61,0,6,0,0,1,0,0,0,1,4240,0.117924528,677,632,640,597,621,Other,1,0,0,0,0,0,0
d9d72a6c02,800,48,0,0,0,1042,1,2011,8,1,17,47.05882353,2.125,105.88,800,694.12,0,8,0,0,1,0,0,1,1,3280,0.243902439,550,573,589,680,625,Other,1,0,0,0,0,0,0
1290d18bd2,800,51,0,0,1,0,1,2011,8,1,16,50,2,113.77,800,686.23,0,8,0,0,1,0,0,1,1,3200,0.25,735,597,673,725,624,Other,1,0,0,0,0,0,0
6e835dcbc1,600,45,0,0,1,0,1,2011,8,1,13,38.46153846,2.166666667,77.39,500,422.61,-100,6,2,1,1,0,0,1,0,2774,0.180245133,601,586,645,648,622,Other,1,0,0,0,0,0,0
18ae949687,700,29,0,0,1,1100,1,2011,8,1,12,58.33333333,1.5,84.03,500,415.97,-200,6,2,1,1,0,0,0,1,3200,0.15625,763,579,615,692,602,Other,1,0,0,0,0,0,0
2.10149E+90,800,32,0,0,0,1200,1,2011,8,1,12,41.66666667,2,84.03,500,415.97,-300,6,2,1,1,0,0,0,0,4025,0.124223602,538,577,581,652,595,Other,1,0,0,0,0,0,0
b949aab915,800,39,0,0,1,600,0,2011,8,1,12,41.66666667,2,84.03,500,415.97,-300,6,2,1,1,0,0,0,0,3600,0.138888889,544,575,560,607,594,Other,1,0,0,0,0,0,0
41d33ebcc8,500,58,0,0,0,400,1,2011,5,1,10,50,2,92.17,500,407.83,0,5,0,0,1,0,0,1,1,2600,0.192307692,660,592,602,680,643,Other,1,0,0,0,0,0,0
b69c9a9de7,800,32,0,0,1,200,1,2011,8,1,13,61.53846154,1.625,77.39,500,422.61,-300,6,2,1,1,0,0,0,1,1360,0.367647059,719,525,538,627,585,Other,1,0,0,0,0,0,0
af360505c5,800,35,0,0,0,1000,1,2011,6,1,13,61.53846154,2.166666667,123.82,800,676.18,0,6,0,0,1,0,0,1,1,4820,0.165975104,600,623,651,693,637,Other,1,0,0,0,0,0,0
85c245983d,800,37,0,0,1,0,0,2011,6,1,13,61.53846154,2.166666667,123.82,800,676.18,0,6,0,0,1,0,0,1,0,8000,0.1,612,568,598,680,612,Other,1,0,0,0,0,0,0
66e2d371c9,500,37,0,0,0,1100,1,2011,5,1,10,50,2,92.17,500,407.83,0,5,0,0,1,0,0,1,1,1230,0.406504065,663,596,648,676,627,Other,1,0,0,0,0,0,0
ac468f4955,500,48,0,0,1,800,1,2011,8,1,13,38.46153846,1.625,77.39,500,422.61,0,6,2,1,1,0,0,0,1,1700,0.294117647,583,592,646,678,613,Other,1,0,0,0,0,0,0
9f1d9957c7,300,26,0,0,1,600,1,2011,8,1,17,17.64705882,2.125,39.7,300,260.3,0,8,0,0,0,1,0,1,1,1500,0.2,530,557,615,653,601,Other,1,0,0,0,0,0,0
bfbe8605a7,500,61,0,1,0,386,1,2011,5,1,5,100,1,193.91,500,306.09,0,5,0,0,0,1,0,1,0,1000,0.5,613,516,545,658,592,Other,1,0,0,0,0,0,0
fdad7630df,400,52,0,0,0,976,1,2011,5,1,10,40,2,73.74,400,326.26,0,5,0,0,1,0,0,1,1,1384,0.289017341,538,611,620,680,644,Other,1,0,0,0,0,0,0
08a3e0ca08,800,41,0,0,1,425,1,2011,5,1,10,80,2,92.17,500,407.83,-300,5,0,1,0,1,0,1,1,5200,0.096153846,645,519,550,641,593,Other,1,0,0,0,0,0,0
ee1d1531f0,800,40,0,0,0,325,1,2011,8,1,17,47.05882353,2.125,105.88,800,694.12,0,8,0,0,0,1,0,0,0,1070,0.747663551,541,577,614,578,617,Other,1,0,0,0,0,0,0
348442a0a3,400,79,0,1,0,479,1,2011,5,1,5,80,1,155.12,400,244.88,0,5,0,0,0,1,0,1,1,1879,0.212879191,768,544,584,680,609,Other,1,0,0,0,0,0,0
a4f207cd76,350,25,0,0,1,250,1,2011,5,1,5,70,1,135.73,350,214.27,0,5,0,0,0,1,0,0,1,670,0.52238806,645,503,544,629,550,Other,1,0,0,0,0,0,0
044aab634b,500,62,0,1,1,605,0,2011,5,1,10,50,2,92.17,500,407.83,0,5,0,0,1,0,0,1,1,1378,0.362844702,645,568,633,682,625,Other,1,0,0,0,0,0,0
a934374fe4,500,39,0,0,0,1375,1,2011,5,1,10,50,2,92.17,500,407.83,0,5,0,0,1,0,0,1,1,2000,0.25,546,588,602,680,624,Other,1,0,0,0,0,0,0
1aecb0e33e,500,41,0,0,1,200,1,2011,5,1,10,50,2,94.7,500,405.3,0,5,0,0,1,0,0,1,0,8000,0.0625,541,588,623,661,610,Other,1,0,0,0,0,0,0
0532e99235,800,41,0,0,1,750,1,2011,8,1,6,133.3333333,0.75,171.75,500,328.25,-300,6,2,1,0,1,0,0,1,3212,0.155666252,716,501,521,668,561,Other,1,0,0,0,0,0,0
8dd4a7ff6d,500,22,1,0,1,0,1,2011,5,1,10,50,2,92.17,500,407.83,0,5,0,0,0,1,0,1,0,1300,0.384615385,562,612,624,696,597,Other,1,0,0,0,0,0,0
4f4871bcaf,400,39,0,0,0,1650,1,2011,5,1,10,40,2,73.74,400,326.26,0,5,0,0,1,0,0,1,1,5800,0.068965517,760,673,721,752,637,Other,1,0,0,0,0,0,0
c68faaf191,700,30,0,0,1,630,1,2011,8,1,17,41.17647059,2.125,92.64,700,607.36,0,8,0,0,1,0,0,0,1,1800,0.388888889,523,564,616,657,591,Other,1,0,0,0,0,0,0
14a40f2071,500,26,0,0,1,500,0,2011,6,1,13,38.46153846,2.166666667,77.39,500,422.61,0,6,0,0,0,1,0,1,1,1920,0.260416667,586,521,540,679,584,Other,1,0,0,0,0,0,0
23c7a4054a,800,41,0,0,0,1800,1,2011,8,1,17,47.05882353,2.125,105.88,800,694.12,0,8,0,0,1,0,0,1,0,3794,0.210859251,661,570,576,680,613,Other,1,0,0,0,0,0,0
0f9800a7ff,400,24,1,0,0,897,0,2011,3,1,6,66.66666667,2,110.78,400,289.22,0,3,0,0,1,0,0,1,1,4400,0.090909091,754,608,640,686,623,Other,1,0,0,0,0,0,0
243dbe8303,500,59,0,0,0,1200,1,2011,4,1,8,62.5,2,108.48,500,391.52,0,4,0,0,1,0,0,1,1,2720,0.183823529,586,595,632,700,621,Other,1,0,0,0,0,0,0
1a2e91d821,800,36,0,0,0,916,1,2011,5,1,10,80,2,92.17,500,407.83,-300,5,0,1,1,0,0,1,1,5340,0.093632959,732,551,553,679,600,Other,1,0,0,0,0,0,0
f54c8db088,500,43,0,0,0,187,1,2011,5,1,10,50,2,94.7,500,405.3,0,5,0,0,1,0,0,1,0,1480,0.337837838,530,607,655,710,589,Other,1,0,0,0,0,0,0
7a95677ac3,800,49,0,0,0,570,1,2011,8,1,13,61.53846154,1.625,77.39,500,422.61,-300,6,2,1,0,1,0,1,1,2650,0.188679245,560,586,604,680,640,Other,1,0,0,0,0,0,0
fd15ed8523,600,56,0,0,0,876,1,2011,5,1,10,60,2,92.17,500,407.83,-100,5,0,1,0,1,0,1,1,4300,0.11627907,669,516,545,680,573,Other,1,0,0,0,0,0,0
8d01a6418d,600,55,0,0,0,756,1,2011,5,1,5,120,1,193.91,500,306.09,-100,5,0,1,1,0,0,1,1,4280,0.11682243,539,568,590,680,611,Other,1,0,0,0,0,0,0
2a15bf4b08,700,70,0,1,1,1050,1,2011,5,1,5,140,1,271.47,700,428.53,0,5,0,0,1,0,0,0,1,2795,0.250447227,713,594,647,665,626,Other,1,0,0,0,0,0,0
6c739dc243,300,26,0,0,1,312,1,2011,3,1,6,50,2,81.6,300,218.4,0,3,0,0,0,1,0,0,0,1900,0.157894737,638,552,586,603,580,Other,1,0,0,0,0,0,0
8cbef7a0fe,300,41,0,0,1,879,0,2011,6,1,13,23.07692308,2.166666667,46.43,300,253.57,0,6,0,0,1,0,0,0,0,2390,0.125523013,536,526,501,649,575,Bills,0,1,0,0,0,0,0
1891881aeb,500,62,0,1,0,785,1,2011,5,1,5,100,1,193.91,500,306.09,0,5,0,0,0,1,0,1,1,2450,0.204081633,616,597,646,683,626,Car,0,0,1,0,0,0,0
da6f8ede35,500,52,0,0,1,650,1,2011,6,1,12,41.66666667,2,84.03,500,415.97,0,6,0,0,0,1,0,1,1,4450,0.112359551,542,562,565,680,603,Bills,0,1,0,0,0,0,0
f89e773fd0,800,49,0,0,1,1600,0,2011,5,1,10,80,2,151.51,800,648.49,0,5,0,0,1,0,0,1,1,3000,0.266666667,582,645,685,733,660,Bills,0,1,0,0,0,0,0
9af5ad1b1b,500,57,0,0,0,1200,1,2011,5,1,10,50,2,92.17,500,407.83,0,5,0,0,1,0,0,1,1,2786,0.179468772,568,578,565,680,616,Car,0,0,1,0,0,0,0
28baca3b62,400,60,0,0,0,0,1,2011,8,1,8,50,1,115.88,400,284.12,0,8,0,0,0,1,0,1,1,1334,0.299850075,568,612,660,709,639,Bills,0,1,0,0,0,0,0
330d2bf9cc,700,36,0,0,1,0,1,2011,8,1,13,38.46153846,2.166666667,77.39,500,422.61,-200,6,2,1,1,0,0,1,0,1600,0.3125,506,532,563,680,597,Bills,0,1,0,0,0,0,0
2de8845b09,800,35,0,0,1,300,1,2011,8,1,13,61.53846154,1.625,77.39,500,422.61,-300,6,2,1,1,0,0,1,1,2200,0.227272727,664,520,565,621,570,Medical,0,0,0,0,0,0,1
bbaaabdf0f,650,26,0,0,1,500,1,2011,5,1,5,100,1,193.91,500,306.09,-150,5,0,1,1,0,0,0,0,2600,0.192307692,297,625,670,720,625,Rent,0,0,0,1,0,0,0
b98426f32b,700,44,0,0,1,1395,0,2011,5,1,10,50,2,92.17,500,407.83,-200,5,0,1,1,0,0,0,0,6000,0.083333333,601,600,631,663,616,Other,1,0,0,0,0,0,0
d974720387,300,37,0,0,1,500,1,2011,8,1,16,18.75,2,42.66,300,257.34,0,8,0,0,1,0,0,1,0,3350,0.089552239,601,534,555,666,584,Medical,0,0,0,0,0,0,1
06d036fe7a,800,44,0,0,1,200,1,2011,8,1,17,47.05882353,2.125,105.88,800,694.12,0,8,0,0,0,1,0,1,1,3544,0.225733634,613,551,592,680,608,Bills,0,1,0,0,0,0,0
02309382cf,300,53,0,0,0,0,0,2011,5,1,5,60,1,116.34,300,183.66,0,5,0,0,1,0,0,1,1,753,0.398406375,536,590,634,668,621,Bills,0,1,0,0,0,0,0
c55aed6a9e,600,51,0,0,1,600,1,2011,8,1,13,38.46153846,2.166666667,77.39,500,422.61,-100,6,2,1,1,0,0,0,0,2200,0.227272727,497,553,590,613,595,Bills,0,1,0,0,0,0,0
a37099ef27,800,37,0,0,1,680,0,2011,8,1,17,47.05882353,2.125,105.88,800,694.12,0,8,0,0,1,0,0,0,0,1400,0.571428571,523,579,602,672,599,Bills,0,1,0,0,0,0,0
b908409e65,800,45,0,0,1,0,1,2011,8,1,13,61.53846154,1.625,77.39,500,422.61,-300,6,2,1,1,0,0,0,1,3200,0.15625,601,552,601,597,571,Other,1,0,0,0,0,0,0
e7cc872711,300,30,0,0,0,786,1,2011,8,1,17,17.64705882,2.125,39.7,300,260.3,0,8,0,0,1,0,0,1,1,2100,0.142857143,741,574,596,680,629,Car,0,0,1,0,0,0,0
746f59332e,700,48,0,0,1,780,1,2011,6,1,6,116.6666667,1,240.46,700,459.54,0,6,0,0,1,0,0,1,1,3200,0.21875,601,618,613,663,627,Bills,0,1,0,0,0,0,0
494fb20e3b,800,40,0,0,1,850,0,2011,6,1,6,83.33333333,1,171.75,500,328.25,-300,6,0,1,0,1,0,0,0,2600,0.192307692,620,521,543,672,597,Other,1,0,0,0,0,0,0
8aa902e04d,800,44,0,0,1,900,1,2011,6,1,13,61.53846154,2.166666667,123.82,800,676.18,0,6,0,0,1,0,0,1,1,2600,0.307692308,559,556,567,635,611,Bills,0,1,0,0,0,0,0
7d2cb6a64c,500,45,0,0,0,1200,1,2011,5,1,10,50,2,94.7,500,405.3,0,5,0,0,0,0,1,1,0,1880,0.265957447,596,580,569,680,613,Bills,0,1,0,0,0,0,0
8378005078,400,31,0,0,1,700,1,2011,6,1,13,30.76923077,2.166666667,61.91,400,338.09,0,6,0,0,1,0,0,0,0,3200,0.125,661,518,522,608,589,Bills,0,1,0,0,0,0,0
4b1a6495b8,800,42,0,0,0,600,1,2011,8,1,17,47.05882353,2.125,105.88,800,694.12,0,8,0,0,1,0,0,1,0,2000,0.4,751,560,624,624,621,Other,1,0,0,0,0,0,0
cdcbd59d83,800,47,0,0,1,1100,1,2011,5,1,10,80,2,147.47,800,652.53,0,5,0,0,1,0,0,1,1,3280,0.243902439,661,624,667,679,641,Car,0,0,1,0,0,0,0
6fc1957477,500,39,0,0,0,850,1,2011,6,1,13,38.46153846,2.166666667,77.39,500,422.61,0,6,0,0,0,0,1,1,1,1250,0.4,336,586,579,680,628,Bills,0,1,0,0,0,0,0
f9247db1d6,800,56,0,0,0,750,1,2011,8,1,16,50,2,113.77,800,686.23,0,8,0,0,1,0,0,1,0,1100,0.727272727,530,549,548,680,619,Rent,0,0,0,1,0,0,0
778a98ac3d,800,40,0,0,0,750,1,2011,8,1,8,100,1,231.76,800,568.24,0,8,0,0,0,1,0,1,1,3113,0.256986829,507,602,638,668,636,Bills,0,1,0,0,0,0,0
55a14ef410,400,40,0,0,1,350,0,2011,6,1,6,66.66666667,1,137.4,400,262.6,0,6,0,0,0,1,0,0,0,3200,0.125,655,595,625,692,622,Medical,0,0,0,0,0,0,1
ce227eaf55,500,33,0,0,1,1000,1,2011,6,1,13,38.46153846,2.166666667,77.39,500,422.61,0,6,0,0,1,0,0,0,1,1500,0.333333333,565,613,636,644,593,Bills,0,1,0,0,0,0,0
2a15ec5a73,600,48,0,0,1,100,1,2011,6,1,13,46.15384615,2.166666667,92.87,600,507.13,0,6,0,0,1,0,0,1,1,2000,0.3,615,594,613,680,632,Car,0,0,1,0,0,0,0
3c3016cf3e,300,31,0,0,0,0,1,2011,3,1,6,50,2,81.6,300,218.4,0,3,0,0,0,1,0,1,0,1600,0.1875,530,555,616,650,610,Car,0,0,1,0,0,0,0
3da17c9cb1,600,59,0,0,1,550,1,2011,5,1,10,50,2,94.7,500,405.3,-100,5,0,1,0,1,0,1,0,2060,0.242718447,586,560,564,666,613,Medical,0,0,0,0,0,0,1
59d02b8afc,300,36,0,0,1,500,1,2011,3,1,3,100,1,170.81,300,129.19,0,3,0,0,0,1,0,0,0,3026,0.09914078,732,519,550,661,601,Medical,0,0,0,0,0,0,1
46b8f92e36,500,38,0,0,0,1033,1,2011,6,1,13,38.46153846,2.166666667,77.39,500,422.61,0,6,0,0,0,1,0,1,1,2600,0.192307692,566,527,560,680,576,Medical,0,0,0,0,0,0,1
b3d1bc6934,500,32,0,0,1,0,1,2011,5,1,10,50,2,92.17,500,407.83,0,5,0,0,1,0,0,0,0,1032,0.484496124,486,546,592,639,583,Car,0,0,1,0,0,0,0
464c4e6887,500,69,0,1,1,300,1,2011,6,1,6,83.33333333,1,171.75,500,328.25,0,6,0,0,0,1,0,1,1,2777,0.180050414,713,530,544,643,590,Bills,0,1,0,0,0,0,0
ece2206b7b,300,50,0,0,0,0,1,2011,6,1,13,23.07692308,2.166666667,46.43,300,253.57,0,6,0,0,0,1,0,1,0,1324,0.226586103,642,528,517,654,595,Medical,0,0,0,0,0,0,1
b138d2286b,800,35,0,0,1,675,1,2011,3,1,6,133.3333333,2,136,500,364,-300,3,0,1,1,0,0,0,1,3000,0.166666667,536,582,609,654,602,Bills,0,1,0,0,0,0,0
38fa025000,300,24,1,0,1,680,1,2011,4,1,8,37.5,2,65.09,300,234.91,0,4,0,0,0,1,0,0,0,1300,0.230769231,521,615,669,724,590,Other,1,0,0,0,0,0,0
0d39540ab9,500,65,0,1,0,2100,0,2011,3,1,6,83.33333333,2,138.48,500,361.52,0,3,0,0,1,0,0,1,0,5610,0.08912656,660,577,587,680,612,Car,0,0,1,0,0,0,0
ec5220c03e,600,34,0,0,0,0,1,2011,5,1,10,50,2,92.17,500,407.83,-100,5,0,1,1,0,0,1,0,4446,0.112460639,573,602,646,703,632,Bills,0,1,0,0,0,0,0
ebe4a4fe61,800,45,0,0,1,350,1,2011,5,1,10,80,2,92.17,500,407.83,-300,5,0,1,0,1,0,0,1,2148,0.232774674,763,521,558,670,592,Bills,0,1,0,0,0,0,0
9e82e27323,500,43,0,0,0,700,1,2011,6,1,6,83.33333333,1,171.75,500,328.25,0,6,0,0,0,0,1,1,0,5500,0.090909091,423,566,572,657,607,Bills,0,1,0,0,0,0,0
e298baae1c,300,59,0,0,0,0,1,2011,5,1,5,60,1,116.34,300,183.66,0,5,0,0,0,1,0,1,1,1730,0.173410405,583,577,595,680,622,Bills,0,1,0,0,0,0,0
83a0185d29,800,29,0,0,1,250,0,2011,8,1,13,38.46153846,2.166666667,77.39,500,422.61,-300,6,2,1,1,0,0,1,0,1800,0.277777778,546,522,579,655,572,Car,0,0,1,0,0,0,0
8c02692f55,800,67,0,1,0,1114,1,2011,8,1,6,133.3333333,0.75,274.81,800,525.19,0,6,2,1,1,0,0,1,1,3062,0.261267146,670,543,538,680,592,Other,1,0,0,0,0,0,0
0e088a2c55,500,35,0,0,1,400,1,2011,5,1,10,50,2,92.17,500,407.83,0,5,0,0,1,0,0,0,0,2800,0.178571429,583,556,584,669,595,Bills,0,1,0,0,0,0,0
90fb948b4a,800,59,0,0,1,170,1,2011,8,1,8,100,1,231.76,800,568.24,0,8,0,0,0,1,0,1,1,713,1.122019635,734,570,590,680,623,Other,1,0,0,0,0,0,0
227e234ef0,800,63,0,1,1,959,1,2011,8,1,8,100,1,231.76,800,568.24,0,8,0,0,0,1,0,1,1,3723,0.214880473,583,578,562,668,613,Bills,0,1,0,0,0,0,0
6070b1cdb8,800,42,0,0,1,1000,1,2011,6,1,13,61.53846154,2.166666667,123.82,800,676.18,0,6,0,0,1,0,0,0,0,2600,0.307692308,601,554,532,635,582,Car,0,0,1,0,0,0,0
88430e498e,800,24,1,0,1,850,1,2011,8,1,13,38.46153846,2.166666667,77.39,500,422.61,-300,6,2,1,0,1,0,0,0,2400,0.208333333,541,609,654,706,602,Bills,0,1,0,0,0,0,0
6d67f94191,800,32,0,0,1,795,1,2011,8,1,16,50,2,113.77,800,686.23,0,8,0,0,1,0,0,0,0,5800,0.137931034,512,595,631,681,623,Other,1,0,0,0,0,0,0
7b96e853cc,800,50,0,0,0,980,1,2011,5,1,10,80,2,147.47,800,652.53,0,5,0,0,0,1,0,1,1,856,0.934579439,760,599,638,680,630,Medical,0,0,0,0,0,0,1
2e99f32a0f,400,43,0,0,1,250,1,2011,8,1,13,30.76923077,2.166666667,61.91,400,338.09,0,6,2,1,1,0,0,0,0,1200,0.333333333,544,529,536,636,592,Bills,0,1,0,0,0,0,0
376823ba2e,800,32,0,0,1,0,1,2011,8,1,6,83.33333333,1,171.75,500,328.25,-300,6,2,1,0,0,1,0,0,1600,0.3125,530,540,531,650,567,Bills,0,1,0,0,0,0,0
7eb8b99253,500,44,0,0,1,300,0,2011,5,1,10,50,2,94.7,500,405.3,0,5,0,0,0,1,0,0,0,2000,0.25,583,604,649,670,616,Bills,0,1,0,0,0,0,0
edd95b1230,600,38,0,0,1,1325,1,2011,5,1,10,60,2,113.64,600,486.36,0,5,0,0,1,0,0,0,0,4526,0.132567388,593,592,602,680,631,Rent,0,0,0,1,0,0,0
82dddc3f9c,800,27,0,0,1,170,0,2011,6,1,12,66.66666667,2,84.03,500,415.97,-300,6,0,1,0,1,0,0,1,2078,0.240615977,596,537,616,622,574,Other,1,0,0,0,0,0,0
7c853daa86,700,31,0,0,1,565,1,2011,3,1,6,116.6666667,2,136,500,364,-200,3,0,1,1,0,0,1,1,2766,0.18076645,716,545,617,627,546,Bills,0,1,0,0,0,0,0
96a9e01373,500,24,1,0,1,675,0,2011,5,1,10,50,2,94.7,500,405.3,0,5,0,0,1,0,0,1,1,4400,0.113636364,596,631,677,723,610,Car,0,0,1,0,0,0,0
17b4466f1d,500,37,0,0,1,1000,1,2011,5,1,10,50,2,92.17,500,407.83,0,5,0,0,0,0,1,1,0,3068,0.162972621,536,516,554,657,571,Bills,0,1,0,0,0,0,0
d758a589d6,500,45,0,0,0,800,0,2011,8,1,8,62.5,1,144.85,500,355.15,0,8,0,0,1,0,0,1,0,8100,0.061728395,563,599,578,680,630,Other,1,0,0,0,0,0,0
5333a9edaf,500,46,0,0,1,580,0,2011,6,1,13,38.46153846,2.166666667,77.39,500,422.61,0,6,0,0,0,0,1,1,1,4000,0.125,644,564,610,641,601,Bills,0,1,0,0,0,0,0
1975c2bd61,500,39,0,0,0,525,1,2011,3,1,6,83.33333333,2,138.48,500,361.52,0,3,0,0,0,1,0,0,0,2144,0.233208955,425,590,617,613,601,Bills,0,1,0,0,0,0,0
d8df680256,800,49,0,0,1,400,1,2011,8,1,13,61.53846154,1.625,77.39,500,422.61,-300,6,2,1,0,1,0,1,1,1140,0.438596491,221,584,638,689,631,Bills,0,1,0,0,0,0,0
34ddb612ce,400,25,0,0,1,670,1,2011,3,1,6,66.66666667,2,108.8,400,291.2,0,3,0,0,1,0,0,0,0,1260,0.317460317,539,527,553,648,583,Bills,0,1,0,0,0,0,0
92a609fdd2,400,47,0,0,1,950,1,2011,5,1,10,40,2,73.74,400,326.26,0,5,0,0,1,0,0,0,1,2200,0.181818182,641,581,587,680,595,Bills,0,1,0,0,0,0,0
c9463c892c,600,52,0,0,1,850,1,2011,6,1,13,46.15384615,2.166666667,92.87,600,507.13,0,6,0,0,1,0,0,0,1,3760,0.159574468,616,596,647,701,624,Car,0,0,1,0,0,0,0
4c59c27c0c,500,28,0,0,1,100,1,2011,5,1,10,50,2,92.17,500,407.83,0,5,0,0,0,0,1,1,0,1223,0.408830744,538,569,624,642,596,Car,0,0,1,0,0,0,0
20fec41f02,800,61,0,1,0,480,0,2011,8,1,6,83.33333333,1,171.75,500,328.25,-300,6,2,1,1,0,0,1,0,3000,0.166666667,577,525,532,653,603,Other,1,0,0,0,0,0,0
4319dcde64,500,31,0,0,0,0,1,2011,8,1,13,38.46153846,1.625,77.39,500,422.61,0,6,2,1,1,0,0,1,1,3660,0.136612022,555,586,603,636,610,Bills,0,1,0,0,0,0,0
7885dd6693,800,49,0,0,0,1188,0,2011,8,1,16,50,2,113.77,800,686.23,0,8,0,0,1,0,0,1,1,3400,0.235294118,661,645,683,708,649,Bills,0,1,0,0,0,0,0
bb301c7ee5,300,28,0,0,1,350,0,2011,5,1,10,30,2,56.82,300,243.18,0,5,0,0,0,1,0,1,1,2400,0.125,762,623,674,721,610,Other,1,0,0,0,0,0,0
81812d1b65,500,46,0,0,0,705,1,2011,5,1,10,50,2,92.17,500,407.83,0,5,0,0,0,0,1,1,0,2200,0.227272727,423,585,623,636,614,Other,1,0,0,0,0,0,0
7d510a8204,500,34,0,0,1,0,1,2011,3,1,6,83.33333333,2,136,500,364,0,3,0,0,1,0,0,0,0,1100,0.454545455,579,501,516,612,581,Car,0,0,1,0,0,0,0
97597c294f,800,50,0,0,0,1123,1,2011,5,1,5,160,1,310.25,800,489.75,0,5,0,0,1,0,0,1,0,4191,0.19088523,766,620,624,680,631,Other,1,0,0,0,0,0,0
44b43fb59c,500,66,0,1,0,640,1,2011,4,1,8,62.5,2,108.48,500,391.52,0,4,0,0,1,0,0,1,0,3360,0.148809524,614,569,581,680,612,Car,0,0,1,0,0,0,0
a7ff4f3fd5,500,44,0,0,1,1025,0,2011,3,1,6,83.33333333,2,138.48,500,361.52,0,3,0,0,0,0,1,1,0,4000,0.125,588,522,517,643,573,Other,1,0,0,0,0,0,0
70686a0842,800,30,0,0,1,1000,1,2011,8,1,17,47.05882353,2.125,105.88,800,694.12,0,8,0,0,1,0,0,0,0,2800,0.285714286,525,668,673,715,639,Rent,0,0,0,1,0,0,0
4f21a2d05a,800,34,0,0,0,1053,1,2011,8,1,8,100,1,231.76,800,568.24,0,8,0,0,0,1,0,1,1,3200,0.25,669,598,596,680,631,Other,1,0,0,0,0,0,0
f939744f9b,500,33,0,0,1,1200,1,2011,5,1,10,50,2,92.17,500,407.83,0,5,0,0,1,0,0,1,1,2500,0.2,530,605,645,671,627,Other,1,0,0,0,0,0,0
5c77318e8a,800,44,0,0,0,450,1,2011,5,1,10,80,2,92.17,500,407.83,-300,5,0,1,0,1,0,0,1,2520,0.198412698,530,591,631,644,611,Bills,0,1,0,0,0,0,0
3466ce11fa,500,53,0,0,0,500,1,2011,6,1,13,38.46153846,2.166666667,77.39,500,422.61,0,6,0,0,0,0,1,1,0,3624,0.137969095,593,562,583,680,615,Other,1,0,0,0,0,0,0
d6eccdda7d,500,48,0,0,0,476,1,2011,6,1,13,38.46153846,2.166666667,77.39,500,422.61,0,6,0,0,0,0,1,1,1,3400,0.147058824,586,587,628,661,616,Car,0,0,1,0,0,0,0
270fa2c7d4,800,47,0,0,1,691,1,2011,8,1,13,38.46153846,2.166666667,77.39,500,422.61,-300,6,2,1,1,0,0,0,0,2096,0.238549618,446,530,566,673,618,Other,1,0,0,0,0,0,0
890ea01178,500,56,0,0,0,703,1,2011,6,1,6,83.33333333,1,171.75,500,328.25,0,6,0,0,0,1,0,1,0,1850,0.27027027,579,565,560,680,624,Bills,0,1,0,0,0,0,0
e9ac5a0afa,400,41,0,0,1,635,0,2011,6,1,12,33.33333333,2,67.22,400,332.78,0,6,0,0,0,1,0,0,0,3279,0.121988411,438,565,621,651,612,Car,0,0,1,0,0,0,0
c3cb46320c,800,30,0,0,1,150,0,2011,8,1,13,38.46153846,2.166666667,77.39,500,422.61,-300,6,2,1,1,0,0,1,0,2400,0.208333333,582,559,641,648,605,Car,0,0,1,0,0,0,0
e23ca5e230,600,46,0,0,0,0,1,2011,4,1,8,75,2,130.18,600,469.82,0,4,0,0,1,0,0,0,0,2226,0.269541779,541,591,614,662,614,Car,0,0,1,0,0,0,0
429f08e0f1,800,58,0,0,1,400,1,2011,8,1,6,83.33333333,1,171.75,500,328.25,-300,6,2,1,1,0,0,0,0,1386,0.360750361,601,539,548,644,589,Medical,0,0,0,0,0,0,1
b911eb39bd,500,60,0,0,1,200,1,2011,5,1,5,100,1,193.91,500,306.09,0,5,0,0,0,1,0,0,0,1585,0.315457413,586,543,578,623,574,Car,0,0,1,0,0,0,0
ab88421436,500,40,0,0,1,800,1,2011,5,1,10,50,2,92.17,500,407.83,0,5,0,0,1,0,0,0,0,3920,0.12755102,589,523,543,624,597,Car,0,0,1,0,0,0,0
7374dfc557,800,33,0,0,0,700,1,2011,5,1,10,50,2,92.17,500,407.83,-300,5,0,1,1,0,0,1,0,2400,0.208333333,749,563,547,678,596,Bills,0,1,0,0,0,0,0
056b3e7ed8,400,59,0,0,1,571,1,2011,8,1,8,50,1,115.88,400,284.12,0,8,0,0,0,1,0,0,0,985,0.406091371,530,624,662,718,603,Other,1,0,0,0,0,0,0
2c5c65b3fc,600,53,0,0,1,500,0,2011,4,1,8,75,2,133.17,600,466.83,0,4,0,0,0,1,0,0,1,2400,0.25,548,561,543,669,599,Bills,0,1,0,0,0,0,0
9fd4b65302,300,25,0,0,1,160,0,2011,5,1,10,30,2,55.3,300,244.7,0,5,0,0,1,0,0,0,0,1200,0.25,661,588,627,653,618,Bills,0,1,0,0,0,0,0
964392c57a,500,54,0,0,1,164,0,2011,5,1,5,100,1,193.91,500,306.09,0,5,0,0,0,0,1,1,0,1152,0.434027778,434,544,558,680,594,Car,0,0,1,0,0,0,0
e02596d6e0,500,24,1,0,1,300,1,2011,5,1,10,50,2,92.17,500,407.83,0,5,0,0,1,0,0,0,0,800,0.625,530,553,615,623,592,Bills,0,1,0,0,0,0,0
a75f3d594c,800,41,0,0,1,575,1,2011,8,1,13,61.53846154,1.625,77.39,500,422.61,-300,6,2,1,1,0,0,1,1,4380,0.114155251,715,551,551,577,577,Bills,0,1,0,0,0,0,0
a0f961567d,500,27,0,0,1,484,1,2011,3,1,6,83.33333333,2,136,500,364,0,3,0,0,1,0,0,1,0,1800,0.277777778,645,554,595,625,585,Bills,0,1,0,0,0,0,0
55059f159c,700,33,0,0,0,716,1,2011,6,1,6,116.6666667,1,240.46,700,459.54,0,6,0,0,1,0,0,0,1,2781,0.251708019,677,554,579,680,604,Car,0,0,1,0,0,0,0
43c97c4e6d,800,52,0,0,0,403,1,2011,8,1,8,100,1,231.76,800,568.24,0,8,0,0,0,1,0,1,0,1984,0.403225806,87,603,652,676,640,Bills,0,1,0,0,0,0,0
2b60c24e0c,500,56,0,0,1,0,0,2011,5,1,10,50,2,92.17,500,407.83,0,5,0,0,1,0,0,0,0,1200,0.416666667,589,577,537,680,600,Bills,0,1,0,0,0,0,0
7a3189f555,500,63,0,1,0,1532,1,2011,8,1,13,38.46153846,1.625,77.39,500,422.61,0,6,2,1,1,0,0,0,1,3050,0.163934426,536,641,648,679,616,Other,1,0,0,0,0,0,0
24960509ce,800,47,0,0,1,450,0,2011,4,1,4,200,1,364.28,800,435.72,0,4,0,0,1,0,0,1,0,4200,0.19047619,663,641,695,734,626,Car,0,0,1,0,0,0,0
1e351a3e61,800,55,0,0,1,500,1,2011,8,1,17,47.05882353,2.125,105.88,800,694.12,0,8,0,0,1,0,0,0,1,3100,0.258064516,573,568,560,680,605,Car,0,0,1,0,0,0,0
e6b0d099c0,800,43,0,0,1,650,1,2011,6,1,13,61.53846154,2.166666667,123.82,800,676.18,0,6,0,0,1,0,0,0,0,2800,0.285714286,593,561,545,656,608,Other,1,0,0,0,0,0,0
0f584aebbd,500,27,0,0,1,575,1,2011,5,1,10,50,2,92.17,500,407.83,0,5,0,0,1,0,0,0,0,1400,0.357142857,523,545,596,622,589,Bills,0,1,0,0,0,0,0
912c4aa0ff,500,54,0,0,0,0,1,2011,5,1,10,50,2,92.17,500,407.83,0,5,0,0,1,0,0,1,0,3400,0.147058824,577,539,501,642,582,Bills,0,1,0,0,0,0,0
f1ae6a19a5,500,34,0,0,1,1075,1,2011,5,1,10,50,2,92.17,500,407.83,0,5,0,0,1,0,0,0,0,2400,0.208333333,297,614,656,701,634,Medical,0,0,0,0,0,0,1
f0fbecb9da,500,41,0,0,1,1000,1,2011,5,1,10,50,2,92.17,500,407.83,0,5,0,0,0,1,0,0,0,2750,0.181818182,573,593,619,671,608,Bills,0,1,0,0,0,0,0
c00699ef1b,500,34,0,0,0,1200,1,2011,5,1,10,50,2,94.7,500,405.3,0,5,0,0,0,1,0,1,1,2594,0.192752506,760,597,644,671,617,Bills,0,1,0,0,0,0,0
c1bbf1c823,600,58,0,0,0,430,1,2011,5,1,5,100,1,193.91,500,306.09,-100,5,0,1,0,1,0,1,0,1236,0.404530744,562,572,563,680,613,Bills,0,1,0,0,0,0,0
eb70879a02,500,38,0,0,1,265,1,2011,5,1,5,100,1,193.91,500,306.09,0,5,0,0,0,1,0,0,1,1100,0.454545455,521,569,657,711,582,Bills,0,1,0,0,0,0,0
f22151df17,800,54,0,0,1,320,1,2011,8,1,13,38.46153846,2.166666667,77.39,500,422.61,-300,6,2,1,1,0,0,1,0,1200,0.416666667,645,589,623,663,577,Other,1,0,0,0,0,0,0
b8460d798c,800,27,0,0,1,884,1,2011,8,1,17,47.05882353,2.125,105.88,800,694.12,0,8,0,0,1,0,0,0,1,2400,0.333333333,716,572,620,640,603,Bills,0,1,0,0,0,0,0
0a718c3c67,800,43,0,0,1,726,1,2011,6,1,13,61.53846154,2.166666667,123.82,800,676.18,0,6,0,0,1,0,0,1,0,2600,0.307692308,586,621,637,665,637,Bills,0,1,0,0,0,0,0
71953aec67,500,38,0,0,1,1100,1,2011,6,1,13,38.46153846,2.166666667,77.39,500,422.61,0,6,0,0,0,0,1,0,1,2987,0.167392032,501,545,563,654,611,Bills,0,1,0,0,0,0,0
6579972dd1,700,65,0,1,0,849,1,2011,5,1,5,140,1,271.47,700,428.53,0,5,0,0,0,1,0,1,1,2601,0.269127259,576,624,651,689,627,Bills,0,1,0,0,0,0,0
684bea73ab,700,43,0,0,1,700,1,2011,6,1,13,53.84615385,2.166666667,77.39,500,422.61,-200,6,0,1,1,0,0,0,1,9644,0.051845707,521,576,601,650,619,Other,1,0,0,0,0,0,0
b6514d8366,800,39,0,0,1,650,1,2011,8,1,6,133.3333333,0.75,171.75,500,328.25,-300,6,2,1,0,1,0,0,1,2813,0.177746178,297,584,652,695,634,Bills,0,1,0,0,0,0,0
e6069ecbbf,300,50,0,0,0,191,1,2011,5,1,10,30,2,55.3,300,244.7,0,5,0,0,0,0,1,1,0,1920,0.15625,183,602,660,699,625,Bills,0,1,0,0,0,0,0
b507748656,800,32,0,0,1,475,1,2011,8,1,13,38.46153846,2.166666667,77.39,500,422.61,-300,6,2,1,1,0,0,1,0,2850,0.175438596,329,549,606,615,609,Other,1,0,0,0,0,0,0
d7d437e050,400,38,0,0,0,0,1,2011,6,1,12,33.33333333,2,67.22,400,332.78,0,6,0,0,0,0,1,1,1,1800,0.222222222,645,539,596,627,587,Car,0,0,1,0,0,0,0
171c954c8c,500,54,0,0,1,367,0,2011,6,1,13,38.46153846,2.166666667,77.39,500,422.61,0,6,0,0,0,0,1,0,0,1200,0.416666667,523,563,556,652,604,Other,1,0,0,0,0,0,0
6d75122817,500,60,0,0,1,300,1,2011,5,1,10,50,2,92.17,500,407.83,0,5,0,0,0,0,1,1,1,1765,0.283286119,538,571,589,612,605,Other,1,0,0,0,0,0,0
42f175a176,800,32,0,0,1,525,0,2011,6,1,13,61.53846154,2.166666667,123.82,800,676.18,0,6,0,0,1,0,0,1,0,2800,0.285714286,546,597,627,665,626,Car,0,0,1,0,0,0,0
5369897f85,500,28,0,0,1,580,1,2011,5,1,10,50,2,94.7,500,405.3,0,5,0,0,0,0,1,1,1,3200,0.15625,719,507,542,632,574,Other,1,0,0,0,0,0,0
dcfa93fb97,800,32,0,0,1,1200,1,2011,8,1,17,47.05882353,2.125,105.88,800,694.12,0,8,0,0,1,0,0,0,1,2400,0.333333333,530,564,628,654,606,Bills,0,1,0,0,0,0,0
dc532a8443,500,52,0,0,0,1536,1,2011,5,1,10,50,2,94.7,500,405.3,0,5,0,0,0,1,0,1,1,4000,0.125,273,591,630,659,619,Bills,0,1,0,0,0,0,0
d8bcbe7f5b,500,46,0,0,1,375,1,2011,6,1,13,38.46153846,2.166666667,77.39,500,422.61,0,6,0,0,0,0,1,1,1,3600,0.138888889,602,549,576,669,609,Rent,0,0,0,1,0,0,0
304320351f,700,40,0,0,1,800,0,2011,5,1,10,50,2,92.17,500,407.83,-200,5,0,1,1,0,0,0,0,3370,0.148367953,716,561,621,670,608,Other,1,0,0,0,0,0,0
a03a3b97a2,500,61,0,1,0,620,0,2011,8,1,8,62.5,1,144.85,500,355.15,0,8,0,0,1,0,0,1,1,2600,0.192307692,638,635,678,710,649,Other,1,0,0,0,0,0,0
f9e6463c2c,500,36,0,0,0,0,1,2011,6,1,13,38.46153846,2.166666667,77.39,500,422.61,0,6,0,0,0,0,1,0,0,3720,0.134408602,550,576,594,680,610,Other,1,0,0,0,0,0,0
db4fb8df4a,500,44,0,0,1,100,1,2011,6,1,13,38.46153846,2.166666667,77.39,500,422.61,0,6,0,0,0,0,1,1,1,3100,0.161290323,593,602,651,680,621,Car,0,0,1,0,0,0,0
dab9b9766c,800,36,0,0,0,1182,1,2011,8,1,6,133.3333333,0.75,171.75,500,328.25,-300,6,2,1,1,0,0,1,1,2600,0.192307692,763,539,573,680,600,Other,1,0,0,0,0,0,0
965d37e1eb,700,30,0,0,1,400,1,2011,5,1,5,140,1,271.47,700,428.53,0,5,0,0,1,0,0,0,0,1500,0.466666667,808,512,548,626,581,Car,0,0,1,0,0,0,0
37d56d9fef,300,32,0,0,0,800,1,2011,5,1,5,60,1,116.34,300,183.66,0,5,0,0,0,1,0,0,0,2998,0.100066711,586,535,550,680,577,Other,1,0,0,0,0,0,0
3e4519270a,500,58,0,0,1,500,1,2011,5,1,5,100,1,193.91,500,306.09,0,5,0,0,0,0,1,0,0,3000,0.166666667,541,620,653,674,629,Bills (General),0,1,0,0,0,0,0
9b01f4d0b7,800,61,0,1,0,1326,1,2011,5,1,5,160,1,310.25,800,489.75,0,5,0,0,1,0,0,1,1,3192,0.250626566,666,693,756,796,656,Bills (Auto),0,1,0,0,0,0,0
9ace72ef1f,600,40,0,0,1,575,1,2011,5,1,10,50,2,94.7,500,405.3,-100,5,0,1,0,1,0,0,0,1600,0.3125,231,587,636,679,619,Other,1,0,0,0,0,0,0
00b8adfe83,800,34,0,0,1,250,0,2011,6,1,6,83.33333333,1,171.75,500,328.25,-300,6,0,1,1,0,0,1,0,3500,0.142857143,645,575,633,671,618,Bills (Medical),0,1,0,0,0,0,0
5a33902860,800,41,0,0,1,650,1,2011,8,1,13,61.53846154,1.625,77.39,500,422.61,-300,6,2,1,1,0,0,0,1,2000,0.25,712,571,601,619,602,Bills (General),0,1,0,0,0,0,0
d35f2881f8,800,53,0,0,1,375,1,2011,6,1,13,38.46153846,2.166666667,77.39,500,422.61,-300,6,0,1,1,0,0,0,0,1160,0.431034483,492,564,566,680,607,Bills (General),0,1,0,0,0,0,0
b6ca73e6d4,500,54,0,0,0,645,1,2011,5,1,10,50,2,92.17,500,407.83,0,5,0,0,0,0,1,1,0,1266,0.394944708,586,578,628,675,619,Bills (General),0,1,0,0,0,0,0
05501291d3,500,72,0,1,1,0,1,2011,6,1,6,83.33333333,1,171.75,500,328.25,0,6,0,0,0,0,1,0,1,1887,0.264970853,748,536,543,624,567,Bills (Auto),0,1,0,0,0,0,0
36fa5b0d19,500,29,0,0,1,0,1,2011,3,1,6,83.33333333,2,136,500,364,0,3,0,0,1,0,0,0,1,3440,0.145348837,546,602,635,671,619,Bills (General),0,1,0,0,0,0,0
cc58352799,800,34,0,0,1,400,1,2011,5,1,10,50,2,92.17,500,407.83,-300,5,0,1,1,0,0,0,0,2400,0.208333333,525,539,555,675,589,Other,1,0,0,0,0,0,0
8e089f45c3,400,50,0,0,0,250,1,2011,5,1,10,40,2,73.74,400,326.26,0,5,0,0,0,1,0,1,0,930,0.430107527,542,587,617,633,623,Bills (Auto),0,1,0,0,0,0,0
40c72d5c02,500,47,0,0,0,382,0,2011,5,1,10,50,2,92.17,500,407.83,0,5,0,0,0,0,1,1,1,5600,0.089285714,492,583,634,671,627,Gifts / Leisure,0,0,0,0,0,0,0
f312482e4e,500,45,0,0,0,485,1,2011,5,1,5,100,1,193.91,500,306.09,0,5,0,0,1,0,0,1,1,1000,0.5,762,638,688,714,656,Pay off loans / overdrawn acct,0,0,0,0,0,1,0
2106e78b96,800,50,0,0,0,873,1,2011,5,1,10,50,2,92.17,500,407.83,-300,5,0,1,0,1,0,1,0,2466,0.202757502,499,559,569,677,608,Bills (Medical),0,1,0,0,0,0,0
863f96efa1,500,55,0,0,1,945,0,2011,5,1,10,50,2,92.17,500,407.83,0,5,0,0,1,0,0,1,0,1300,0.384615385,522,572,621,620,604,Bills (General),0,1,0,0,0,0,0
d04835e81d,800,31,0,0,1,375,0,2011,5,1,10,80,2,92.17,500,407.83,-300,5,0,1,0,1,0,0,1,3850,0.12987013,536,501,554,623,582,Bills (General),0,1,0,0,0,0,0
702ace7f8a,800,47,0,0,1,1200,1,2011,8,1,6,133.3333333,0.75,171.75,500,328.25,-300,6,2,1,0,1,0,0,1,3133,0.159591446,614,516,542,631,562,Other,1,0,0,0,0,0,0
24912c35f0,500,53,0,0,0,0,1,2011,5,1,5,100,1,193.91,500,306.09,0,5,0,0,0,1,0,1,1,1173,0.42625746,616,513,540,627,603,Other,1,0,0,0,0,0,0
668a28602d,500,29,0,0,1,400,1,2011,5,1,10,50,2,92.17,500,407.83,0,5,0,0,1,0,0,1,0,3200,0.15625,564,513,547,660,578,Bills (Auto),0,1,0,0,0,0,0
f3d38620a8,700,26,0,0,0,0,1,2011,7,1,13,38.46153846,2.166666667,77.39,500,422.61,-200,6,1,1,1,0,0,1,0,1860,0.268817204,617,576,603,653,592,Other,1,0,0,0,0,0,0
634ffccb27,500,42,0,0,1,0,1,2011,5,1,10,50,2,92.17,500,407.83,0,5,0,0,0,1,0,0,0,3000,0.166666667,530,511,525,628,581,Other,1,0,0,0,0,0,0
64109698d0,500,42,0,0,1,400,1,2011,5,1,10,50,2,92.17,500,407.83,0,5,0,0,0,1,0,0,0,1200,0.416666667,501,576,605,638,593,Rent / Mortgage,0,0,0,1,0,0,0
92e08ae66b,500,43,0,0,1,750,1,2011,8,1,13,38.46153846,1.625,77.39,500,422.61,0,6,2,1,1,0,0,0,1,3500,0.142857143,718,594,589,649,582,Other,1,0,0,0,0,0,0
2e87ce0cd1,500,38,0,0,1,525,1,2011,5,1,10,50,2,94.7,500,405.3,0,5,0,0,1,0,0,1,1,670,0.746268657,719,571,639,649,617,Other,1,0,0,0,0,0,0
198d721eea,300,31,0,0,1,575,1,2011,3,1,6,50,2,81.6,300,218.4,0,3,0,0,0,0,1,0,1,2200,0.136363636,719,647,687,705,600,Other,1,0,0,0,0,0,0
e1a510cf21,600,21,1,0,1,400,0,2011,8,1,6,100,0.75,171.75,500,328.25,-100,6,2,1,1,0,0,1,1,800,0.625,616,526,555,618,571,Rent / Mortgage,0,0,0,1,0,0,0
6ec6b5510f,800,61,0,1,1,795,1,2011,8,1,6,83.33333333,1,171.75,500,328.25,-300,6,2,1,0,1,0,0,0,4141,0.120743782,705,513,519,640,585,Other,1,0,0,0,0,0,0
0496faadcc,500,64,0,1,0,1120,1,2011,6,1,6,83.33333333,1,171.75,500,328.25,0,6,0,0,0,1,0,1,1,3500,0.142857143,763,627,650,667,643,Bills (General),0,1,0,0,0,0,0
48bb9ada7a,800,53,0,0,0,601,1,2011,8,1,13,38.46153846,2.166666667,77.39,500,422.61,-300,6,2,1,0,1,0,0,0,1500,0.333333333,583,536,543,673,576,Other,1,0,0,0,0,0,0
8b4cad490a,300,29,0,0,1,650,0,2011,8,1,13,23.07692308,2.166666667,46.43,300,253.57,0,6,2,1,0,1,0,1,0,1100,0.272727273,645,518,536,621,582,Bills (Auto),0,1,0,0,0,0,0
4b0efc13d5,800,39,0,0,1,900,1,2011,6,1,12,66.66666667,2,84.03,500,415.97,-300,6,0,1,1,0,0,0,1,4400,0.113636364,762,544,547,680,569,Bills (General),0,1,0,0,0,0,0
f3b30eacf4,800,31,0,0,1,850,1,2011,8,1,17,47.05882353,2.125,105.88,800,694.12,0,8,0,0,1,0,0,0,0,5800,0.137931034,530,541,602,596,595,Bills (General),0,1,0,0,0,0,0
cb6079f063,500,53,0,0,0,558,1,2011,5,1,10,50,2,92.17,500,407.83,0,5,0,0,1,0,0,1,1,4032,0.124007937,492,568,587,680,628,Bills (Auto),0,1,0,0,0,0,0
4f9832ab95,400,36,0,0,1,640,1,2011,5,1,10,40,2,73.74,400,326.26,0,5,0,0,1,0,0,0,1,3080,0.12987013,708,587,631,672,605,Bills (Auto),0,1,0,0,0,0,0
4c203dce81,500,52,0,0,0,0,1,2011,5,1,5,100,1,193.91,500,306.09,0,5,0,0,0,0,1,1,0,1504,0.332446809,596,550,539,668,578,Bills (Auto),0,1,0,0,0,0,0
dd33da2634,800,41,0,0,1,750,1,2011,6,1,12,66.66666667,2,84.03,500,415.97,-300,6,0,1,1,0,0,0,1,2360,0.211864407,538,522,509,631,586,Bills (Medical),0,1,0,0,0,0,0
16974da9d2,500,65,0,1,0,377,1,2011,5,1,5,100,1,193.91,500,306.09,0,5,0,0,1,0,0,1,1,2800,0.178571429,757,583,598,680,605,Bills (Auto),0,1,0,0,0,0,0
dce2dddbe1,500,24,1,0,1,400,1,2011,8,1,13,38.46153846,1.625,77.39,500,422.61,0,6,2,1,0,1,0,0,1,1700,0.294117647,542,617,634,712,592,Other,1,0,0,0,0,0,0
18a3de5c4e,600,41,0,0,0,829,0,2011,6,1,13,38.46153846,2.166666667,77.39,500,422.61,-100,6,0,1,0,1,0,1,0,2197,0.227583068,499,509,508,642,570,Other,1,0,0,0,0,0,0
4ad60935b0,300,45,0,0,0,1100,0,2011,5,1,10,30,2,56.82,300,243.18,0,5,0,0,0,0,1,1,1,7600,0.039473684,765,601,641,671,627,Bills (General),0,1,0,0,0,0,0
854656e5ae,800,39,0,0,1,250,0,2011,7,1,12,41.66666667,2,84.03,500,415.97,-300,6,1,1,1,0,0,1,0,1400,0.357142857,555,518,507,615,583,Pay off loans / overdrawn acct,0,0,0,0,0,1,0
a03771ac8f,400,48,0,0,0,500,1,2011,4,1,8,50,2,86.79,400,313.21,0,4,0,0,0,0,1,1,0,1640,0.243902439,677,555,583,668,594,Bills (General),0,1,0,0,0,0,0
386efbfec9,300,51,0,0,0,0,1,2011,5,1,5,60,1,116.34,300,183.66,0,5,0,0,0,0,1,1,1,1438,0.208623088,290,610,648,693,627,Bills (Auto),0,1,0,0,0,0,0
913cc5d28c,300,52,0,0,1,100,1,2011,5,1,5,60,1,116.34,300,183.66,0,5,0,0,1,0,0,1,0,665,0.45112782,670,530,563,670,583,Bills (General),0,1,0,0,0,0,0
6682454493,500,44,0,0,0,850,1,2011,5,1,10,50,2,94.7,500,405.3,0,5,0,0,0,0,1,1,1,2800,0.178571429,771,599,657,689,617,Bills (General),0,1,0,0,0,0,0
7c87a6e8fb,800,37,0,0,1,1100,1,2011,8,1,13,38.46153846,2.166666667,77.39,500,422.61,-300,6,2,1,1,0,0,1,0,2400,0.208333333,616,573,565,658,615,Bills (General),0,1,0,0,0,0,0
f3fc8fe47c,500,50,0,0,0,0,1,2011,3,1,6,83.33333333,2,138.48,500,361.52,0,3,0,0,1,0,0,1,1,2008,0.249003984,716,556,583,680,621,Other,1,0,0,0,0,0,0
ee7e6942c9,400,35,0,0,1,300,0,2011,4,1,8,50,2,86.79,400,313.21,0,4,0,0,0,0,1,0,0,1080,0.37037037,521,615,664,725,609,Bills (Auto),0,1,0,0,0,0,0
1feb90df44,500,35,0,0,1,375,1,2011,5,1,5,100,1,193.91,500,306.09,0,5,0,0,1,0,0,1,1,1300,0.384615385,585,581,634,663,616,Bills (Auto),0,1,0,0,0,0,0
83a8fb7a7b,800,33,0,0,1,739,1,2011,8,1,13,38.46153846,2.166666667,77.39,500,422.61,-300,6,2,1,1,0,0,0,0,1350,0.37037037,616,501,501,501,546,Bills (Auto),0,1,0,0,0,0,0
0ed287a5a0,500,47,0,0,1,325,1,2011,6,1,13,38.46153846,2.166666667,77.39,500,422.61,0,6,0,0,0,0,1,0,1,5400,0.092592593,713,564,568,636,579,Bills (General),0,1,0,0,0,0,0
bf63ea5ae7,600,22,1,0,1,200,1,2011,8,1,13,46.15384615,1.625,77.39,500,422.61,-100,6,2,1,0,1,0,1,1,2600,0.192307692,584,501,555,663,560,Bills (Auto),0,1,0,0,0,0,0
a4c59d3ddc,500,56,0,0,1,325,1,2011,8,1,6,83.33333333,0.75,171.75,500,328.25,0,6,2,1,0,1,0,1,1,1300,0.384615385,616,501,501,602,572,Bills (General),0,1,0,0,0,0,0
8fb5c17407,600,49,0,0,0,0,0,2011,5,1,10,60,2,110.61,600,489.39,0,5,0,0,0,1,0,1,1,1612,0.372208437,410,604,657,700,637,Bills (Home / Utilities),0,1,0,0,0,0,0
34bfacce90,500,21,1,0,1,275,1,2011,5,1,5,100,1,193.91,500,306.09,0,5,0,0,0,0,1,0,1,1600,0.3125,716,570,618,596,571,Rent / Mortgage,0,0,0,1,0,0,0
49d66b397b,800,58,0,0,1,450,1,2011,8,1,17,47.05882353,2.125,105.88,800,694.12,0,8,0,0,1,0,0,1,0,3200,0.25,521,609,632,644,637,Pay off loans / overdrawn acct,0,0,0,0,0,1,0
c2574704fe,500,50,0,0,1,400,0,2011,5,1,10,50,2,92.17,500,407.83,0,5,0,0,1,0,0,0,0,600,0.833333333,638,580,620,641,600,Bills (General),0,1,0,0,0,0,0
f4303aa63e,800,48,0,0,0,1450,1,2011,8,1,8,100,1,231.76,800,568.24,0,8,0,0,1,0,0,1,1,3300,0.242424242,785,573,561,680,619,School,0,0,0,0,1,0,0
593aa244cd,300,31,0,0,1,1500,1,2011,3,1,6,50,2,81.6,300,218.4,0,3,0,0,1,0,0,0,0,4100,0.073170732,544,612,619,627,605,Bills (Home / Utilities),0,1,0,0,0,0,0
49db48aa10,800,49,0,0,1,725,1,2011,5,1,10,50,2,92.17,500,407.83,-300,5,0,1,0,1,0,1,0,3400,0.147058824,582,604,622,670,613,Bills (General),0,1,0,0,0,0,0
e1d353d5a7,700,58,0,0,0,300,1,2011,3,1,3,233.3333333,1,398.56,700,301.44,0,3,0,0,0,1,0,1,1,2356,0.297113752,735,593,653,687,639,Bills (General),0,1,0,0,0,0,0
3849ce77ad,500,56,0,0,0,325,1,2011,5,1,5,100,1,193.91,500,306.09,0,5,0,0,0,1,0,0,0,1172,0.42662116,765,531,543,680,591,Bills (Auto),0,1,0,0,0,0,0
d362d7331b,500,40,0,0,0,287,1,2011,5,1,5,100,1,193.91,500,306.09,0,5,0,0,0,1,0,1,0,4600,0.108695652,521,516,552,644,596,Bills (Medical),0,1,0,0,0,0,0
7f4927b467,800,39,0,0,1,475,0,2011,8,1,13,38.46153846,2.166666667,77.39,500,422.61,-300,6,2,1,0,1,0,1,0,1440,0.347222222,621,532,597,656,593,Bills (General),0,1,0,0,0,0,0
6523bf1928,500,30,0,0,1,624,1,2011,5,1,10,50,2,92.17,500,407.83,0,5,0,0,1,0,0,0,1,3200,0.15625,716,556,593,651,605,Bills (General),0,1,0,0,0,0,0
593c2aeb25,300,36,0,0,1,600,0,2011,3,1,6,50,2,81.6,300,218.4,0,3,0,0,0,1,0,1,1,1600,0.1875,645,565,632,655,594,Bills (Auto),0,1,0,0,0,0,0
a678f310f6,500,42,0,0,1,150,1,2011,5,1,5,100,1,193.91,500,306.09,0,5,0,0,0,0,1,0,1,3350,0.149253731,528,534,556,647,597,Other,1,0,0,0,0,0,0
f6010b85b6,800,33,0,0,1,0,1,2011,8,1,6,133.3333333,0.75,171.75,500,328.25,-300,6,2,1,1,0,0,1,1,1190,0.420168067,541,571,643,648,602,Bills (Auto),0,1,0,0,0,0,0
b639616192,500,31,0,0,1,0,0,2011,3,1,6,83.33333333,2,138.48,500,361.52,0,3,0,0,0,1,0,1,1,5500,0.090909091,645,532,567,676,608,Bills (General),0,1,0,0,0,0,0
0656fb0433,800,24,1,0,1,0,1,2011,8,1,13,61.53846154,1.625,77.39,500,422.61,-300,6,2,1,1,0,0,1,1,1000,0.5,760,637,674,726,600,Other,1,0,0,0,0,0,0
1d1df8b519,800,39,0,0,1,1000,1,2011,6,1,13,61.53846154,2.166666667,77.39,500,422.61,-300,6,0,1,0,1,0,1,1,3200,0.15625,550,538,553,660,604,Bills (Medical),0,1,0,0,0,0,0
61b62e57a0,800,30,0,0,1,550,0,2011,8,1,16,50,2,113.77,800,686.23,0,8,0,0,1,0,0,1,1,3400,0.235294118,305,566,639,676,617,Other,1,0,0,0,0,0,0
e58ecc1949,500,45,0,0,0,0,0,2011,5,1,10,50,2,92.17,500,407.83,0,5,0,0,1,0,0,1,0,2000,0.25,785,502,546,675,565,Bills (Auto),0,1,0,0,0,0,0
19ad6a3ba1,500,64,0,1,1,200,1,2011,6,1,12,41.66666667,2,84.03,500,415.97,0,6,0,0,0,1,0,1,1,4652,0.107480653,547,560,594,680,624,Bills (General),0,1,0,0,0,0,0
b3125d2d1e,400,33,0,0,1,400,1,2011,8,1,13,30.76923077,2.166666667,61.91,400,338.09,0,6,2,1,1,0,0,0,0,640,0.625,252,564,629,652,589,Bills (Auto),0,1,0,0,0,0,0
76331677da,400,33,0,0,0,1054,1,2011,5,1,10,40,2,75.76,400,324.24,0,5,0,0,1,0,0,1,1,1600,0.25,576,589,607,680,628,Bills (Auto),0,1,0,0,0,0,0
33ba597a62,800,44,0,0,0,0,1,2011,8,1,6,83.33333333,1,171.75,500,328.25,-300,6,2,1,0,1,0,1,0,2500,0.2,50,543,554,642,600,Bills (Medical),0,1,0,0,0,0,0
adb83de95b,800,48,0,0,0,250,1,2011,8,1,8,100,1,231.76,800,568.24,0,8,0,0,1,0,0,1,1,2050,0.390243902,561,637,678,700,648,Bills (General),0,1,0,0,0,0,0
c2be9535f9,700,18,1,0,1,250,1,2011,6,1,13,38.46153846,2.166666667,77.39,500,422.61,-200,6,0,1,1,0,0,0,0,1400,0.357142857,574,598,619,649,574,Bills (Auto),0,1,0,0,0,0,0
ca19ee210a,800,46,0,0,1,595,1,2011,8,1,13,38.46153846,2.166666667,77.39,500,422.61,-300,6,2,1,0,1,0,0,0,2198,0.227479527,543,539,532,629,598,Bills (General),0,1,0,0,0,0,0
596602edc6,600,47,0,0,0,0,0,2011,5,1,10,60,2,92.17,500,407.83,-100,5,0,1,0,1,0,1,1,2200,0.227272727,765,526,566,661,606,Other,1,0,0,0,0,0,0
09c978cb8f,700,57,0,0,0,900,0,2011,6,1,6,116.6666667,1,240.46,700,459.54,0,6,0,0,0,1,0,1,1,2340,0.299145299,541,615,642,683,629,Bills (Medical),0,1,0,0,0,0,0
13138a81a1,800,51,0,0,0,920,1,2011,6,1,12,66.66666667,2,134.45,800,665.55,0,6,0,0,1,0,0,1,1,6100,0.131147541,425,618,679,723,639,Other,1,0,0,0,0,0,0
5439075aa3,800,57,0,0,0,200,1,2011,8,1,13,61.53846154,1.625,77.39,500,422.61,-300,6,2,1,0,1,0,1,1,1640,0.304878049,583,547,556,680,599,Other,1,0,0,0,0,0,0
0e3bd4d42d,500,31,0,0,1,350,0,2011,5,1,10,50,2,94.7,500,405.3,0,5,0,0,0,0,1,0,0,1700,0.294117647,529,524,543,642,587,Bills (Auto),0,1,0,0,0,0,0
1370c4a71e,800,38,0,0,1,0,1,2011,5,1,10,50,2,92.17,500,407.83,-300,5,0,1,1,0,0,0,0,1150,0.434782609,538,533,545,624,566,Bills (General),0,1,0,0,0,0,0
fac4f13374,700,43,0,0,1,595,1,2011,8,1,6,116.6666667,0.75,171.75,500,328.25,-200,6,2,1,0,1,0,1,1,1500,0.333333333,297,543,564,655,603,Bills (General),0,1,0,0,0,0,0
47ab15e7c8,500,37,0,0,1,400,1,2011,5,1,10,50,2,92.17,500,407.83,0,5,0,0,0,1,0,0,0,1340,0.373134328,754,530,572,638,600,Bills (General),0,1,0,0,0,0,0
143d298c7c,800,64,0,1,1,1000,1,2011,8,1,17,47.05882353,2.125,105.88,800,694.12,0,8,0,0,1,0,0,1,1,2600,0.307692308,544,581,640,659,635,Bills (General),0,1,0,0,0,0,0
7752f74e8c,300,45,0,0,0,1500,1,2011,3,1,3,100,1,170.81,300,129.19,0,3,0,0,1,0,0,0,0,3752,0.079957356,677,616,647,692,622,Other,1,0,0,0,0,0,0
81ab69a1e5,300,32,0,0,0,399,0,2011,8,1,13,23.07692308,1.625,46.43,300,253.57,0,6,2,1,0,1,0,1,1,920,0.326086957,765,501,513,640,557,Other,1,0,0,0,0,0,0
b80dcfbe17,300,52,0,0,1,955,1,2011,8,1,13,23.07692308,2.166666667,46.43,300,253.57,0,6,2,1,1,0,0,1,0,2600,0.115384615,243,553,561,654,603,Bills (General),0,1,0,0,0,0,0
e6d036221e,800,37,0,0,1,500,0,2011,8,1,8,100,1,231.76,800,568.24,0,8,0,0,0,1,0,1,1,3800,0.210526316,405,604,651,668,635,Bills (General),0,1,0,0,0,0,0
fbd6872845,800,46,0,0,0,605,1,2011,8,1,17,47.05882353,2.125,105.88,800,694.12,0,8,0,0,0,0,1,1,1,5200,0.153846154,638,670,737,797,641,Bills (Medical),0,1,0,0,0,0,0
5f297dc29e,500,42,0,0,1,205,1,2011,5,1,10,50,2,94.7,500,405.3,0,5,0,0,1,0,0,0,0,1200,0.416666667,538,560,569,675,579,Bills (General),0,1,0,0,0,0,0
a849347b5d,800,43,0,0,1,825,1,2011,5,1,10,80,2,147.47,800,652.53,0,5,0,0,1,0,0,0,0,2800,0.285714286,595,543,508,645,580,Other,1,0,0,0,0,0,0
f38fb5a368,500,54,0,0,1,300,1,2011,5,1,10,50,2,92.17,500,407.83,0,5,0,0,0,0,1,1,1,2576,0.194099379,231,594,642,681,623,Bills (Auto),0,1,0,0,0,0,0
467243e969,600,61,0,1,0,820,1,2011,6,1,13,46.15384615,2.166666667,92.87,600,507.13,0,6,0,0,1,0,0,1,1,3432,0.174825175,762,614,668,703,637,Bills (Auto),0,1,0,0,0,0,0
7a73f18e99,700,70,0,1,0,175,1,2011,8,1,8,87.5,1,202.79,700,497.21,0,8,0,0,1,0,0,1,1,1710,0.409356725,668,535,590,663,594,Bills (General),0,1,0,0,0,0,0
e055a6d920,800,34,0,0,0,1839,1,2011,8,1,8,100,1,231.76,800,568.24,0,8,0,0,1,0,0,1,1,6000,0.133333333,735,586,563,680,619,Pay off loans / overdrawn acct,0,0,0,0,0,1,0
f9891e0e6a,800,31,0,0,1,1200,1,2011,3,1,6,133.3333333,2,221.57,800,578.43,0,3,0,0,1,0,0,1,1,11000,0.072727273,572,595,639,659,635,Other,1,0,0,0,0,0,0
c19c04cf81,800,40,0,0,0,1200,0,2011,8,1,13,38.46153846,2.166666667,77.39,500,422.61,-300,6,2,1,0,1,0,1,0,3600,0.138888889,530,597,638,680,608,Bills (Medical),0,1,0,0,0,0,0
2c02e1da11,500,31,0,0,0,500,1,2011,5,1,10,50,2,92.17,500,407.83,0,5,0,0,0,1,0,1,1,1800,0.277777778,661,511,585,582,577,Bills (Auto),0,1,0,0,0,0,0
43d6342983,800,42,0,0,0,600,1,2011,8,1,17,47.05882353,2.125,105.88,800,694.12,0,8,0,0,0,1,0,1,1,2180,0.366972477,515,551,558,680,610,Bills (Home / Utilities),0,1,0,0,0,0,0
29d3bb181f,500,39,0,0,1,950,1,2011,6,1,13,38.46153846,2.166666667,77.39,500,422.61,0,6,0,0,1,0,0,1,1,3800,0.131578947,771,604,625,664,606,Bills (Medical),0,1,0,0,0,0,0
6a05747a94,500,49,0,0,1,0,1,2011,5,1,5,100,1,193.91,500,306.09,0,5,0,0,0,1,0,1,1,4700,0.106382979,534,546,565,664,591,Bills (Home / Utilities),0,1,0,0,0,0,0
b0d8806c09,700,37,0,0,1,400,1,2011,8,1,13,53.84615385,1.625,77.39,500,422.61,-200,6,2,1,0,0,1,0,1,1400,0.357142857,528,597,631,654,598,Bills (Home / Utilities),0,1,0,0,0,0,0
28f096ef8a,400,59,0,0,0,812,1,2011,3,1,6,66.66666667,2,108.8,400,291.2,0,3,0,0,1,0,0,1,1,1112,0.35971223,717,616,710,757,629,Bills (Medical),0,1,0,0,0,0,0
c8c582bce9,800,46,0,0,1,950,1,2011,8,1,13,38.46153846,2.166666667,77.39,500,422.61,-300,6,2,1,1,0,0,0,0,2800,0.178571429,530,552,538,675,601,Bills (Medical),0,1,0,0,0,0,0
3c182138f2,400,43,0,0,1,100,0,2011,6,1,13,30.76923077,2.166666667,61.91,400,338.09,0,6,0,0,0,0,1,1,0,1550,0.258064516,581,578,611,643,607,Bills (Medical),0,1,0,0,0,0,0
b15ff0b371,500,56,0,0,1,320,1,2011,5,1,5,100,1,193.91,500,306.09,0,5,0,0,0,0,1,1,1,1099,0.454959054,577,638,711,741,632,Pay off loans / overdrawn acct,0,0,0,0,0,1,0
fbee9e84fb,300,49,0,0,0,782,1,2011,3,1,6,50,2,83.09,300,216.91,0,3,0,0,0,0,1,1,1,2096,0.143129771,492,552,573,680,606,Pay off loans / overdrawn acct,0,0,0,0,0,1,0
0a57b0da19,500,28,0,0,1,800,1,2011,5,1,5,100,1,193.91,500,306.09,0,5,0,0,1,0,0,0,1,2000,0.25,586,533,557,674,589,Bills (General),0,1,0,0,0,0,0
e3b019131f,800,51,0,0,1,232,1,2011,8,1,6,83.33333333,1,171.75,500,328.25,-300,6,2,1,1,0,0,1,0,1250,0.4,541,611,703,747,610,Other,1,0,0,0,0,0,0
ac43002afc,800,28,0,0,1,570,1,2011,6,1,13,61.53846154,2.166666667,77.39,500,422.61,-300,6,0,1,1,0,0,0,1,2800,0.178571429,539,678,668,720,617,Bills (Auto),0,1,0,0,0,0,0
3618df83df,600,54,0,0,1,300,0,2011,8,1,13,38.46153846,2.166666667,77.39,500,422.61,-100,6,2,1,0,1,0,1,0,1666,0.300120048,681,514,545,645,569,Bills (Auto),0,1,0,0,0,0,0
731138235a,500,32,0,0,1,750,1,2011,5,1,10,50,2,92.17,500,407.83,0,5,0,0,1,0,0,1,1,2200,0.227272727,616,599,630,690,630,Other,1,0,0,0,0,0,0
4544b2a207,500,37,0,0,1,630,0,2011,5,1,10,50,2,94.7,500,405.3,0,5,0,0,0,0,1,0,1,2000,0.25,763,580,637,681,598,Bills (Auto),0,1,0,0,0,0,0
4cc3b17641,600,31,0,0,1,1500,1,2011,4,1,8,75,2,130.18,600,469.82,0,4,0,0,1,0,0,0,1,2800,0.214285714,745,673,719,734,636,Bills (General),0,1,0,0,0,0,0
ac6017f4a3,500,34,0,0,1,605,1,2011,8,1,13,38.46153846,2.166666667,77.39,500,422.61,0,6,2,1,1,0,0,0,0,1640,0.304878049,50,561,557,656,613,Bills (General),0,1,0,0,0,0,0
a332a2aa07,500,54,0,0,1,200,1,2011,8,1,8,62.5,1,144.85,500,355.15,0,8,0,0,0,1,0,0,0,2800,0.178571429,453,565,563,630,613,Bills (Auto),0,1,0,0,0,0,0
4c20d8d5a6,800,35,0,0,1,1500,1,2011,7,1,15,53.33333333,2.142857143,113.56,800,686.44,0,7,0,0,1,0,0,0,0,4878,0.16400164,766,603,627,681,618,Bills (Auto),0,1,0,0,0,0,0
cf95657c97,500,38,0,0,1,595,1,2011,6,1,6,83.33333333,1,171.75,500,328.25,0,6,0,0,0,0,1,0,0,1800,0.277777778,354,537,536,653,576,Bills (Home / Utilities),0,1,0,0,0,0,0
5878242d8f,700,49,0,0,1,300,1,2011,5,1,10,50,2,92.17,500,407.83,-200,5,0,1,1,0,0,1,0,1932,0.258799172,624,537,573,674,609,Other,1,0,0,0,0,0,0
2a602e96e8,500,23,1,0,1,300,1,2011,5,1,10,50,2,92.17,500,407.83,0,5,0,0,0,1,0,1,0,1400,0.357142857,530,506,548,620,567,Bills (Auto),0,1,0,0,0,0,0
5be2d50923,500,42,0,0,0,0,1,2011,5,1,10,50,2,92.17,500,407.83,0,5,0,0,1,0,0,0,0,3000,0.166666667,329,597,649,666,620,Bills (Auto),0,1,0,0,0,0,0
23f388704f,700,57,0,0,1,450,1,2011,8,1,17,41.17647059,2.125,92.64,700,607.36,0,8,0,0,1,0,0,0,1,1000,0.7,50,594,618,650,608,Bills (General),0,1,0,0,0,0,0
b82eba744a,500,23,1,0,1,350,0,2011,5,1,5,100,1,193.91,500,306.09,0,5,0,0,1,0,0,0,0,1500,0.333333333,655,605,661,727,617,Bills (Home / Utilities),0,1,0,0,0,0,0
49ab118eee,800,26,0,0,0,1300,0,2011,8,1,6,133.3333333,0.75,171.75,500,328.25,-300,6,2,1,1,0,0,0,1,4251,0.117619384,661,501,509,643,555,Bills (Auto),0,1,0,0,0,0,0
cef1eb6129,800,55,0,0,0,960,1,2011,8,1,8,100,1,231.76,800,568.24,0,8,0,0,0,1,0,1,1,3700,0.216216216,660,561,568,680,611,Bills (Medical),0,1,0,0,0,0,0
e170390af6,500,27,0,0,1,400,1,2011,5,1,10,50,2,92.17,500,407.83,0,5,0,0,1,0,0,1,0,2700,0.185185185,544,590,626,640,613,Bills (General),0,1,0,0,0,0,0
23c9417208,800,40,0,0,0,915,1,2011,8,1,16,50,2,113.77,800,686.23,0,8,0,0,0,1,0,0,1,1600,0.5,603,582,640,702,624,Bills (General),0,1,0,0,0,0,0
e38ae83ed4,600,37,0,0,0,518,1,2011,6,1,13,46.15384615,2.166666667,77.39,500,422.61,-100,6,0,1,1,0,0,0,1,2000,0.25,544,582,624,659,614,Bills (Medical),0,1,0,0,0,0,0
1be74f36fe,800,40,0,0,1,850,0,2011,6,1,12,41.66666667,2,84.03,500,415.97,-300,6,0,1,1,0,0,0,0,3288,0.152068127,583,629,653,684,609,Bills (Medical),0,1,0,0,0,0,0
805206719d,300,67,0,1,1,200,1,2011,3,1,3,100,1,170.81,300,129.19,0,3,0,0,1,0,0,1,0,1363,0.220102715,568,545,551,680,592,Bills (General),0,1,0,0,0,0,0
241143a07a,800,31,0,0,1,375,0,2011,8,1,12,66.66666667,1.5,84.03,500,415.97,-300,6,2,1,0,1,0,0,1,2404,0.207986689,715,570,595,570,584,Bills (General),0,1,0,0,0,0,0
25dbbdd167,700,40,0,0,1,475,1,2011,5,1,5,100,1,193.91,500,306.09,-200,5,0,1,0,1,0,1,0,3500,0.142857143,716,556,548,607,589,Bills (General),0,1,0,0,0,0,0
c8f391ff67,300,34,0,0,1,250,1,2011,3,1,3,100,1,170.81,300,129.19,0,3,0,0,0,0,1,1,0,850,0.352941176,539,590,684,746,614,Bills (General),0,1,0,0,0,0,0
3a025755f3,800,25,0,0,1,0,1,2011,8,1,6,83.33333333,1,171.75,500,328.25,-300,6,2,1,1,0,0,1,0,1500,0.333333333,668,534,594,586,562,Bills (Auto),0,1,0,0,0,0,0
8807660348,700,61,0,1,0,685,1,2011,8,1,6,116.6666667,0.75,171.75,500,328.25,-200,6,2,1,1,0,0,1,1,2149,0.232666356,550,561,576,646,594,Other,1,0,0,0,0,0,0
85fb1842f6,800,29,0,0,1,710,1,2011,5,1,10,80,2,147.47,800,652.53,0,5,0,0,0,1,0,0,1,2400,0.333333333,521,552,608,633,596,Pay off loans / overdrawn acct,0,0,0,0,0,1,0
d842e21d04,800,54,0,0,1,475,1,2011,8,1,13,61.53846154,1.625,77.39,500,422.61,-300,6,2,1,0,0,1,1,1,2200,0.227272727,715,535,537,640,591,Bills (General),0,1,0,0,0,0,0
bab196e7cb,800,26,0,0,1,400,0,2011,8,1,12,66.66666667,1.5,84.03,500,415.97,-300,6,2,1,0,1,0,1,1,1300,0.384615385,670,568,617,668,596,Bills (General),0,1,0,0,0,0,0
981f0c1db3,300,35,0,0,1,825,0,2011,5,1,10,30,2,56.82,300,243.18,0,5,0,0,0,1,0,1,0,3915,0.076628352,540,543,573,645,603,Bills (Medical),0,1,0,0,0,0,0
fe7542440a,800,27,0,0,0,500,1,2011,5,1,10,50,2,94.7,500,405.3,-300,5,0,1,1,0,0,1,0,2127,0.235072873,547,581,617,672,602,Bills (Home / Utilities),0,1,0,0,0,0,0
dd87b5e504,800,51,0,0,0,741,0,2011,8,1,16,50,2,113.77,800,686.23,0,8,0,0,0,1,0,0,1,4600,0.173913043,642,652,671,711,654,School,0,0,0,0,1,0,0
7fe2aad46b,300,40,0,0,1,310,1,2011,5,1,5,60,1,116.34,300,183.66,0,5,0,0,0,0,1,1,1,1244,0.241157556,513,538,556,680,597,Other,1,0,0,0,0,0,0
00b5dc96d2,800,38,0,0,1,568,1,2011,8,1,12,41.66666667,2,84.03,500,415.97,-300,6,2,1,1,0,0,1,0,3800,0.131578947,521,531,596,641,603,Other,1,0,0,0,0,0,0
4e2596067f,500,69,0,1,0,0,1,2011,5,1,5,100,1,193.91,500,306.09,0,5,0,0,0,1,0,1,1,2400,0.208333333,50,551,582,680,615,Bills (General),0,1,0,0,0,0,0
7cb313563b,700,56,0,0,0,1353,1,2011,6,1,12,58.33333333,2,117.64,700,582.36,0,6,0,0,1,0,0,1,1,5700,0.122807018,543,656,679,729,648,Other,1,0,0,0,0,0,0
22b6199fc1,700,59,0,0,1,650,1,2011,5,1,5,140,1,193.91,500,306.09,-200,5,0,1,1,0,0,1,1,3000,0.166666667,719,522,541,629,587,Bills (General),0,1,0,0,0,0,0
37e736b7df,800,33,0,0,1,325,1,2011,8,1,12,41.66666667,2,84.03,500,415.97,-300,6,2,1,0,1,0,0,0,2675,0.186915888,612,533,545,639,601,Bills (Auto),0,1,0,0,0,0,0
f887c94501,600,49,0,0,1,689,1,2011,8,1,13,38.46153846,2.166666667,77.39,500,422.61,-100,6,2,1,1,0,0,0,0,2138,0.233863424,712,571,611,663,593,Bills (General),0,1,0,0,0,0,0
283581be8e,500,39,0,0,1,750,1,2011,5,1,10,50,2,92.17,500,407.83,0,5,0,0,0,0,1,1,1,4400,0.113636364,589,582,625,645,612,Pay off loans / overdrawn acct,0,0,0,0,0,1,0
48c1a854b1,300,29,0,0,1,350,1,2011,3,1,6,50,2,83.09,300,216.91,0,3,0,0,1,0,0,0,0,1400,0.214285714,677,611,657,724,626,Bills (Home / Utilities),0,1,0,0,0,0,0
45485c8010,500,41,0,0,0,850,1,2011,4,1,8,62.5,2,110.97,500,389.03,0,4,0,0,1,0,0,1,1,4000,0.125,768,540,596,589,601,Bills (General),0,1,0,0,0,0,0
b3d01657a6,800,45,0,0,0,837,0,2011,8,1,16,50,2,113.77,800,686.23,0,8,0,0,1,0,0,1,1,2816,0.284090909,536,677,723,752,640,Bills (General),0,1,0,0,0,0,0
335d6beda1,800,29,0,0,0,425,0,2011,8,1,13,38.46153846,2.166666667,77.39,500,422.61,-300,6,2,1,0,1,0,0,0,2200,0.227272727,521,522,593,569,574,Bills (Home / Utilities),0,1,0,0,0,0,0
dccda83b0a,800,49,0,0,1,750,1,2011,7,1,7,114.2857143,1,249.97,800,550.03,0,7,0,0,0,1,0,0,1,4324,0.185013876,734,607,614,687,602,Rent / Mortgage,0,0,0,1,0,0,0
ad71595c2e,700,56,0,0,1,480,1,2011,5,1,10,50,2,94.7,500,405.3,-200,5,0,1,0,0,1,0,0,3160,0.158227848,541,525,516,633,577,Other,1,0,0,0,0,0,0
43a90d9622,800,49,0,0,1,1895,1,2011,4,1,4,200,1,364.28,800,435.72,0,4,0,0,1,0,0,1,1,7000,0.114285714,597,613,656,691,646,Bills (Auto),0,1,0,0,0,0,0
e83c938344,600,35,0,0,1,675,1,2011,6,1,13,46.15384615,2.166666667,92.87,600,507.13,0,6,0,0,1,0,0,0,0,2050,0.292682927,492,634,683,742,627,Other,1,0,0,0,0,0,0
3354338732,500,30,0,0,1,400,1,2011,5,1,10,50,2,92.17,500,407.83,0,5,0,0,1,0,0,1,1,2468,0.202593193,712,549,633,668,578,Bills (General),0,1,0,0,0,0,0
89940ef6e9,800,26,0,0,1,625,1,2011,8,1,6,83.33333333,1,171.75,500,328.25,-300,6,2,1,0,1,0,0,0,2000,0.25,538,590,644,684,590,Bills (General),0,1,0,0,0,0,0
95c6825df9,500,58,0,0,1,180,1,2011,8,1,8,62.5,1,144.85,500,355.15,0,8,0,0,0,0,1,1,0,974,0.513347023,305,563,640,682,612,Bills (Auto),0,1,0,0,0,0,0
8ccd3e0b1e,500,29,0,0,0,500,0,2011,5,1,5,100,1,193.91,500,306.09,0,5,0,0,1,0,0,0,0,3100,0.161290323,573,622,657,726,629,Bills (General),0,1,0,0,0,0,0
4997238a92,700,56,0,0,1,450,1,2011,6,1,12,58.33333333,2,117.64,700,582.36,0,6,0,0,1,0,0,1,0,2735,0.255941499,734,582,623,674,632,Other,1,0,0,0,0,0,0
cce6c5be8c,500,52,0,0,1,200,1,2011,5,1,10,50,2,92.17,500,407.83,0,5,0,0,1,0,0,1,0,1800,0.277777778,573,530,542,672,571,Other,1,0,0,0,0,0,0
3fe561dc66,600,22,1,0,1,0,1,2011,6,1,12,41.66666667,2,84.03,500,415.97,-100,6,0,1,1,0,0,0,0,520,0.961538462,530,666,672,710,617,School,0,0,0,0,1,0,0
f58034e8a9,600,28,0,0,1,450,1,2011,5,1,10,50,2,94.7,500,405.3,-100,5,0,1,0,1,0,1,0,1680,0.297619048,473,613,644,689,593,Bills (General),0,1,0,0,0,0,0
2255477d21,400,40,0,0,0,985,1,2011,8,1,17,23.52941176,2.125,52.94,400,347.06,0,8,0,0,1,0,0,1,1,1800,0.222222222,593,576,567,662,621,Bills (General),0,1,0,0,0,0,0
ce8c21ed63,800,23,1,0,1,475,0,2011,8,1,13,38.46153846,2.166666667,77.39,500,422.61,-300,6,2,1,1,0,0,0,0,1600,0.3125,621,532,584,629,572,Bills (Medical),0,1,0,0,0,0,0
0977294f18,800,36,0,0,1,900,1,2011,8,1,16,50,2,113.77,800,686.23,0,8,0,0,1,0,0,0,1,2440,0.327868852,589,589,635,648,621,Other,1,0,0,0,0,0,0
46b8190229,500,45,0,0,1,0,1,2011,5,1,5,100,1,193.91,500,306.09,0,5,0,0,0,1,0,0,1,1300,0.384615385,616,579,587,680,586,Bills (General),0,1,0,0,0,0,0
314dc5cfbc,800,43,0,0,1,1600,1,2011,3,1,3,266.6666667,1,284.69,500,215.31,-300,3,0,1,1,0,0,1,1,6000,0.083333333,538,580,607,685,628,Bills (Medical),0,1,0,0,0,0,0
1d35c38afe,800,59,0,0,0,0,1,2011,8,1,8,100,1,231.76,800,568.24,0,8,0,0,1,0,0,1,1,790,1.012658228,808,624,668,723,636,Bills (Medical),0,1,0,0,0,0,0
830edcce28,500,50,0,0,1,350,1,2011,6,1,13,38.46153846,2.166666667,77.39,500,422.61,0,6,0,0,0,0,1,1,1,2200,0.227272727,431,629,658,705,642,Pay off loans / overdrawn acct,0,0,0,0,0,1,0
3937019437,500,41,0,0,1,250,1,2011,4,1,8,62.5,2,108.48,500,391.52,0,4,0,0,1,0,0,1,1,900,0.555555556,645,557,609,606,580,Bills (Medical),0,1,0,0,0,0,0
536f97e793,800,53,0,0,1,400,1,2011,8,1,12,66.66666667,1.5,84.03,500,415.97,-300,6,2,1,1,0,0,1,1,2400,0.208333333,499,536,576,669,605,Other,1,0,0,0,0,0,0
87af7b768d,300,55,0,0,1,500,1,2011,8,1,8,37.5,1,86.91,300,213.09,0,8,0,0,1,0,0,1,0,1600,0.1875,491,610,704,747,606,Bills (General),0,1,0,0,0,0,0
eed5940b27,500,42,0,0,1,875,1,2011,5,1,10,50,2,94.7,500,405.3,0,5,0,0,1,0,0,1,0,3550,0.14084507,569,562,622,693,611,Bills (General),0,1,0,0,0,0,0
58ae70fa0d,500,22,1,0,1,700,1,2011,5,1,10,50,2,92.17,500,407.83,0,5,0,0,0,0,1,0,0,2336,0.214041096,523,636,649,715,600,Bills (General),0,1,0,0,0,0,0
f275bfa0d3,800,51,0,0,1,750,1,2011,8,1,8,100,1,231.76,800,568.24,0,8,0,0,0,1,0,0,1,2486,0.321802092,528,579,634,667,610,Bills (General),0,1,0,0,0,0,0
8ab141522d,400,33,0,0,1,525,1,2011,6,1,6,66.66666667,1,137.4,400,262.6,0,6,0,0,1,0,0,0,1,4254,0.094029149,718,581,608,626,600,Other,1,0,0,0,0,0,0
031247ab75,500,45,0,0,1,350,0,2011,4,1,8,62.5,2,110.97,500,389.03,0,4,0,0,1,0,0,0,1,1000,0.5,297,543,573,680,610,Bills (General),0,1,0,0,0,0,0
aefece7015,800,57,0,0,1,485,1,2011,8,1,13,38.46153846,2.166666667,77.39,500,422.61,-300,6,2,1,0,1,0,1,0,1980,0.252525253,559,523,528,643,585,Other,1,0,0,0,0,0,0
a371b32e9c,300,26,0,0,1,300,1,2011,3,1,3,100,1,170.81,300,129.19,0,3,0,0,1,0,0,0,0,792,0.378787879,536,622,665,704,586,Bills (Auto),0,1,0,0,0,0,0
6456f9c521,800,26,0,0,1,750,1,2011,6,1,12,66.66666667,2,84.03,500,415.97,-300,6,0,1,1,0,0,1,1,1300,0.384615385,567,588,640,662,611,Bills (General),0,1,0,0,0,0,0
e2c803a12c,500,33,0,0,1,350,1,2011,5,1,5,100,1,193.91,500,306.09,0,5,0,0,0,0,1,1,1,1571,0.318268619,544,517,539,628,582,Bills (Auto),0,1,0,0,0,0,0
902431691,500,66,0,1,0,535,1,2011,6,1,6,83.33333333,1,171.75,500,328.25,0,6,0,0,0,0,1,1,1,3200,0.15625,754,559,583,680,604,Bills (Home / Utilities),0,1,0,0,0,0,0
35b4378d7a,500,22,1,0,1,350,1,2011,5,1,10,50,2,92.17,500,407.83,0,5,0,0,0,0,1,0,1,600,0.833333333,734,585,628,703,584,Bills (General),0,1,0,0,0,0,0
0dd3c08bf4,800,64,0,1,0,0,1,2011,6,1,13,61.53846154,2.166666667,123.82,800,676.18,0,6,0,0,0,1,0,1,0,2086,0.383509108,589,547,565,680,605,Pay off loans / overdrawn acct,0,0,0,0,0,1,0
689b7958a2,300,57,0,0,0,960,1,2011,4,1,4,75,1,136.6,300,163.4,0,4,0,0,1,0,0,1,0,1200,0.25,595,610,613,680,646,Bills (Auto),0,1,0,0,0,0,0
a1d16b8d4d,400,30,0,0,1,550,1,2011,3,1,6,66.66666667,2,108.8,400,291.2,0,3,0,0,0,1,0,0,0,3392,0.117924528,564,554,603,628,616,Bills (General),0,1,0,0,0,0,0
456cb30976,500,52,0,0,1,1200,1,2011,5,1,5,100,1,193.91,500,306.09,0,5,0,0,1,0,0,1,1,4200,0.119047619,586,575,646,716,612,Bills (Medical),0,1,0,0,0,0,0
d751257fb2,400,57,0,0,0,0,0,2011,5,1,10,40,2,73.74,400,326.26,0,5,0,0,0,1,0,1,1,1920,0.208333333,660,553,565,674,603,Bills (Home / Utilities),0,1,0,0,0,0,0
76da1d7a30,800,74,0,1,0,1208,0,2011,6,1,6,133.3333333,1,274.81,800,525.19,0,6,0,0,0,1,0,1,0,3872,0.20661157,678,697,743,781,627,Bills (Home / Utilities),0,1,0,0,0,0,0
57de857d10,500,59,0,0,0,3018,1,2011,4,1,8,62.5,2,110.97,500,389.03,0,4,0,0,0,0,1,1,1,9666,0.051727705,616,650,675,733,647,Other,1,0,0,0,0,0,0
0ecfe36a59,300,25,0,0,1,525,1,2011,3,1,6,50,2,81.6,300,218.4,0,3,0,0,0,1,0,0,1,2400,0.125,713,541,558,584,575,Other,1,0,0,0,0,0,0
5e6ac481d5,800,33,0,0,1,300,1,2011,8,1,16,50,2,113.77,800,686.23,0,8,0,0,1,0,0,0,1,3148,0.254129606,546,576,607,674,589,Bills (Medical),0,1,0,0,0,0,0
1a004ab2c1,500,50,0,0,1,650,1,2011,5,1,10,50,2,92.17,500,407.83,0,5,0,0,1,0,0,0,0,2200,0.227272727,560,517,526,623,576,Bills (Auto),0,1,0,0,0,0,0
8f90878aa4,600,39,0,0,1,800,1,2011,5,1,10,60,2,92.17,500,407.83,-100,5,0,1,1,0,0,0,1,1600,0.3125,765,555,555,602,569,Bills (General),0,1,0,0,0,0,0
52517737c9,800,40,0,0,0,750,1,2011,5,1,10,80,2,92.17,500,407.83,-300,5,0,1,1,0,0,1,1,3566,0.140213124,512,558,556,680,609,Bills (Medical),0,1,0,0,0,0,0
cd9d2649df,800,62,0,1,0,0,1,2011,8,1,17,47.05882353,2.125,105.88,800,694.12,0,8,0,0,1,0,0,1,1,2300,0.347826087,583,625,660,705,653,Pay off loans / overdrawn acct,0,0,0,0,0,1,0
ff206e08ad,800,28,0,0,0,250,0,2011,5,1,10,50,2,92.17,500,407.83,-300,5,0,1,1,0,0,0,0,2000,0.25,577,567,642,644,602,Bills (General),0,1,0,0,0,0,0
d9a1fd3fe7,500,22,1,0,1,250,1,2011,3,1,6,83.33333333,2,136,500,364,0,3,0,0,1,0,0,1,1,1830,0.273224044,541,640,677,728,610,Other,1,0,0,0,0,0,0
f0cb63ee2a,500,71,0,1,0,1110,1,2011,6,1,6,83.33333333,1,171.75,500,328.25,0,6,0,0,1,0,0,1,0,3481,0.143636886,550,591,558,659,598,Other,1,0,0,0,0,0,0
a2fb04f18c,500,19,1,0,1,0,0,2011,5,1,10,50,2,94.7,500,405.3,0,5,0,0,1,0,0,1,0,1300,0.384615385,640,583,596,641,561,Other,1,0,0,0,0,0,0
17f9f1c8f8,800,65,0,1,1,800,1,2011,3,1,3,266.6666667,1,455.5,800,344.5,0,3,0,0,1,0,0,0,1,2992,0.267379679,576,631,665,657,630,Other,1,0,0,0,0,0,0
66089fab52,700,50,0,0,0,0,1,2011,8,1,13,53.84615385,1.625,77.39,500,422.61,-200,6,2,1,0,1,0,1,1,2750,0.181818182,50,618,657,687,625,Bills (General),0,1,0,0,0,0,0
cd9e7d226e,700,34,0,0,1,875,0,2011,8,1,13,38.46153846,2.166666667,77.39,500,422.61,-200,6,2,1,0,1,0,1,0,2138,0.233863424,546,509,540,667,578,School,0,0,0,0,1,0,0
4941ce636e,300,39,0,0,0,0,1,2011,4,1,8,37.5,2,65.09,300,234.91,0,4,0,0,1,0,0,1,1,2400,0.125,674,617,657,666,621,Bills (Auto),0,1,0,0,0,0,0
84b27ba21d,500,34,0,0,1,1200,1,2011,8,1,8,62.5,1,144.85,500,355.15,0,8,0,0,1,0,0,0,1,3500,0.142857143,765,582,590,680,616,Bills (General),0,1,0,0,0,0,0
15b1ac5c23,500,40,0,0,1,1100,1,2011,5,1,10,50,2,92.17,500,407.83,0,5,0,0,1,0,0,0,1,3000,0.166666667,530,612,641,674,622,Other,1,0,0,0,0,0,0
cb88982f24,500,27,0,0,1,0,1,2011,6,1,12,41.66666667,2,84.03,500,415.97,0,6,0,0,1,0,0,0,1,2000,0.25,655,616,659,704,611,Other,1,0,0,0,0,0,0
7c868b28ca,500,39,0,0,1,450,1,2011,5,1,10,50,2,92.17,500,407.83,0,5,0,0,0,0,1,1,0,1000,0.5,529,518,543,652,583,Bills (Auto),0,1,0,0,0,0,0
4f5516217e,700,34,0,0,1,795,1,2011,5,1,10,50,2,92.17,500,407.83,-200,5,0,1,1,0,0,0,0,1000,0.5,530,539,564,675,601,Bills (Auto),0,1,0,0,0,0,0
72314d310a,600,33,0,0,1,200,1,2011,6,1,13,38.46153846,2.166666667,77.39,500,422.61,-100,6,0,1,1,0,0,0,0,700,0.714285714,538,562,603,622,598,Bills (General),0,1,0,0,0,0,0
1c8f926991,300,41,0,0,0,1395,1,2011,5,1,10,30,2,55.3,300,244.7,0,5,0,0,1,0,0,0,0,3000,0.1,597,566,559,667,608,Bills (General),0,1,0,0,0,0,0
52bcdf3b87,500,22,1,0,1,0,1,2011,5,1,10,50,2,92.17,500,407.83,0,5,0,0,1,0,0,1,0,1500,0.333333333,548,640,674,727,589,Bills (General),0,1,0,0,0,0,0
e811728d50,800,62,0,1,0,2140,1,2011,5,1,5,100,1,193.91,500,306.09,-300,5,0,1,0,1,0,1,0,5965,0.083822297,543,572,581,680,619,Bills (Auto),0,1,0,0,0,0,0
bd6eb31a5d,800,48,0,0,1,650,0,2011,8,1,16,50,2,113.77,800,686.23,0,8,0,0,1,0,0,1,0,1600,0.5,670,563,554,680,622,Gifts / Leisure,0,0,0,0,0,0,0
c28857a6b2,500,40,0,0,0,1300,1,2011,5,1,10,50,2,92.17,500,407.83,0,5,0,0,0,0,1,1,0,2400,0.208333333,762,565,614,645,607,Bills (Auto),0,1,0,0,0,0,0
19c13e1fd5,500,49,0,0,0,500,1,2011,5,1,5,100,1,193.91,500,306.09,0,5,0,0,0,1,0,1,1,1800,0.277777778,492,581,644,677,615,Other,1,0,0,0,0,0,0
a8e07842aa,800,39,0,0,1,1300,1,2011,8,1,13,61.53846154,1.625,77.39,500,422.61,-300,6,2,1,1,0,0,0,1,18500,0.027027027,639,514,503,649,562,Bills (General),0,1,0,0,0,0,0
6886d0776b,600,39,0,0,0,0,0,2011,8,1,8,75,1,173.82,600,426.18,0,8,0,0,1,0,0,1,0,3429,0.174978128,734,602,650,693,626,Bills (Medical),0,1,0,0,0,0,0
568c679ad3,800,54,0,0,1,750,1,2011,8,1,17,47.05882353,2.125,105.88,800,694.12,0,8,0,0,0,1,0,0,1,1492,0.536193029,574,591,637,668,629,Bills (Home / Utilities),0,1,0,0,0,0,0
ab0ef96995,500,36,0,0,1,800,1,2011,5,1,10,50,2,94.7,500,405.3,0,5,0,0,1,0,0,0,0,3500,0.142857143,556,547,563,672,585,Bills (Auto),0,1,0,0,0,0,0
749c009449,800,59,0,0,0,120,1,2011,8,1,6,133.3333333,0.75,171.75,500,328.25,-300,6,2,1,0,1,0,1,1,1194,0.418760469,493,603,687,717,591,Bills (General),0,1,0,0,0,0,0
cacd08f560,300,60,0,0,1,250,1,2011,5,1,5,60,1,116.34,300,183.66,0,5,0,0,1,0,0,1,0,782,0.383631714,572,577,604,647,577,Bills (General),0,1,0,0,0,0,0
76897aa57d,500,76,0,1,0,0,1,2011,5,1,5,100,1,193.91,500,306.09,0,5,0,0,1,0,0,1,0,2419,0.206696982,660,701,738,789,641,Bills (General),0,1,0,0,0,0,0
e5e34472d3,500,44,0,0,0,1803,1,2011,6,1,6,83.33333333,1,171.75,500,328.25,0,6,0,0,0,0,1,1,0,4175,0.119760479,765,555,585,680,605,Other,1,0,0,0,0,0,0
1e504cd34b,700,52,0,0,1,443,1,2011,8,1,6,83.33333333,1,171.75,500,328.25,-200,6,2,1,0,1,0,0,0,1368,0.365497076,460,543,568,680,596,Bills (Home / Utilities),0,1,0,0,0,0,0
c5bf16c5fb,400,59,0,0,1,500,1,2011,5,1,5,80,1,155.12,400,244.88,0,5,0,0,1,0,0,1,1,2800,0.142857143,573,619,654,711,623,Bills (Medical),0,1,0,0,0,0,0
4cfe2ba89f,700,70,0,1,1,540,1,2011,5,1,5,100,1,193.91,500,306.09,-200,5,0,1,1,0,0,0,0,1664,0.300480769,50,568,566,669,613,Other,1,0,0,0,0,0,0
c9d4a589c6,800,57,0,0,0,400,1,2011,8,1,12,66.66666667,1.5,84.03,500,415.97,-300,6,2,1,1,0,0,1,1,2830,0.176678445,661,581,629,656,611,School,0,0,0,0,1,0,0
aead64de47,500,44,0,0,1,650,0,2011,8,1,6,83.33333333,1,171.75,500,328.25,0,6,2,1,0,1,0,0,0,1800,0.277777778,521,517,554,596,585,Bills (Auto),0,1,0,0,0,0,0
925711008c,600,56,0,0,1,600,1,2011,6,1,6,100,1,171.75,500,328.25,-100,6,0,1,1,0,0,0,1,1200,0.416666667,576,602,643,640,614,Bills (General),0,1,0,0,0,0,0
83327e8cca,300,73,0,1,1,350,1,2011,8,1,6,50,0.75,103.05,300,196.95,0,6,2,1,1,0,0,0,1,1213,0.247320692,596,554,560,652,610,Bills (General),0,1,0,0,0,0,0
4c1d863cf2,500,21,1,0,1,595,1,2011,5,1,10,50,2,92.17,500,407.83,0,5,0,0,0,1,0,0,0,3000,0.166666667,677,631,649,699,594,Bills (General),0,1,0,0,0,0,0
f906d3d0e9,800,22,1,0,1,0,0,2011,8,1,6,83.33333333,1,171.75,500,328.25,-300,6,2,1,0,1,0,1,0,1500,0.333333333,548,517,537,594,583,Other,1,0,0,0,0,0,0
14531887a5,600,42,0,0,1,0,1,2011,8,1,6,83.33333333,1,171.75,500,328.25,-100,6,2,1,0,1,0,1,0,727,0.687757909,454,538,554,663,606,Bills (Auto),0,1,0,0,0,0,0
e2ef95a963,800,34,0,0,1,1075,1,2011,8,1,17,47.05882353,2.125,105.88,800,694.12,0,8,0,0,1,0,0,0,0,2400,0.333333333,297,616,657,691,632,Bills (General),0,1,0,0,0,0,0
7d9f7a9bc1,400,52,0,0,1,350,0,2011,8,1,13,30.76923077,2.166666667,61.91,400,338.09,0,6,2,1,1,0,0,0,0,1800,0.222222222,513,536,569,633,578,Bills (Medical),0,1,0,0,0,0,0
3aaad2bac4,800,30,0,0,1,0,1,2011,6,1,13,38.46153846,2.166666667,77.39,500,422.61,-300,6,0,1,1,0,0,1,0,1700,0.294117647,567,548,556,661,579,Bills (General),0,1,0,0,0,0,0
f9f022a917,800,51,0,0,0,590,0,2011,5,1,5,100,1,193.91,500,306.09,-300,5,0,1,0,1,0,0,0,2500,0.2,716,515,524,634,581,Bills (Medical),0,1,0,0,0,0,0
afab5b6797,500,34,0,0,1,400,1,2011,5,1,5,100,1,193.91,500,306.09,0,5,0,0,0,1,0,0,0,1750,0.285714286,523,552,590,586,569,Bills (General),0,1,0,0,0,0,0
547b3010e0,800,28,0,0,1,700,0,2011,8,1,13,38.46153846,2.166666667,77.39,500,422.61,-300,6,2,1,0,1,0,0,0,2240,0.223214286,576,599,614,594,581,Bills (General),0,1,0,0,0,0,0
588c4320ab,700,48,0,0,0,578,0,2011,3,1,3,233.3333333,1,284.69,500,215.31,-200,3,0,1,1,0,0,1,1,2700,0.185185185,243,574,620,630,623,Bills (Medical),0,1,0,0,0,0,0
e9d38a9b86,500,32,0,0,0,900,1,2011,8,1,8,62.5,1,144.85,500,355.15,0,8,0,0,1,0,0,1,1,5200,0.096153846,663,712,721,761,627,Won't say,0,0,0,0,0,0,0
1db2752b95,400,70,0,1,1,550,1,2011,8,1,8,50,1,115.88,400,284.12,0,8,0,0,0,1,0,1,1,2289,0.174748799,614,551,592,680,615,Bills (General),0,1,0,0,0,0,0
c8a7ec02ed,800,59,0,0,0,0,1,2011,5,1,10,80,2,151.51,800,648.49,0,5,0,0,1,0,0,1,0,1340,0.597014925,638,521,547,680,572,Bills (Auto),0,1,0,0,0,0,0
987c53d9df,800,51,0,0,1,1200,1,2011,8,1,12,41.66666667,2,84.03,500,415.97,-300,6,2,1,1,0,0,0,0,5400,0.092592593,546,621,613,631,617,Bills (General),0,1,0,0,0,0,0
d7de49b247,800,49,0,0,0,1600,1,2011,5,1,10,80,2,151.51,800,648.49,0,5,0,0,1,0,0,1,1,2600,0.307692308,597,620,665,705,646,Bills (General),0,1,0,0,0,0,0
8de9f1b3f6,500,45,0,0,1,600,1,2011,5,1,10,50,2,92.17,500,407.83,0,5,0,0,1,0,0,0,1,1800,0.277777778,514,570,591,581,601,Bills (General),0,1,0,0,0,0,0
e73f167de6,500,59,0,0,0,0,1,2011,5,1,10,50,2,94.7,500,405.3,0,5,0,0,0,1,0,1,1,4000,0.125,460,573,633,678,602,Gifts / Leisure,0,0,0,0,0,0,0
9b1583e213,500,38,0,0,1,1200,1,2011,5,1,5,100,1,193.91,500,306.09,0,5,0,0,1,0,0,1,1,5000,0.1,550,614,667,692,640,Bills (Medical),0,1,0,0,0,0,0
6765c9a8e7,500,39,0,0,1,0,1,2011,5,1,5,100,1,193.91,500,306.09,0,5,0,0,0,1,0,0,0,1058,0.472589792,541,546,627,656,596,Other,1,0,0,0,0,0,0
a7e1fb3b3b,500,38,0,0,0,627,1,2011,5,1,5,100,1,193.91,500,306.09,0,5,0,0,0,0,1,1,1,3600,0.138888889,252,604,639,660,618,Other,1,0,0,0,0,0,0
e5f45df0b3,800,60,0,0,1,450,1,2011,6,1,13,38.46153846,2.166666667,77.39,500,422.61,-300,6,0,1,0,1,0,1,0,1050,0.476190476,598,530,532,658,587,Bills (Medical),0,1,0,0,0,0,0
7d79693f27,500,40,0,0,1,400,0,2011,5,1,10,50,2,92.17,500,407.83,0,5,0,0,1,0,0,1,0,1600,0.3125,290,512,569,622,593,Other,1,0,0,0,0,0,0
fad249a5e8,700,58,0,0,0,350,1,2011,8,1,6,116.6666667,0.75,171.75,500,328.25,-200,6,2,1,1,0,0,1,1,1091,0.458295142,492,566,629,648,610,Other,1,0,0,0,0,0,0
b3d228d556,800,58,0,0,1,500,0,2011,8,1,12,41.66666667,2,84.03,500,415.97,-300,6,2,1,1,0,0,0,0,2400,0.208333333,732,579,590,680,613,Bills (Medical),0,1,0,0,0,0,0
2c323666f6,500,42,0,0,0,490,1,2011,5,1,10,50,2,92.17,500,407.83,0,5,0,0,0,0,1,1,0,1000,0.5,534,538,574,669,594,Bills (Home / Utilities),0,1,0,0,0,0,0
0aeed95009,300,29,0,0,1,0,1,2011,3,1,6,50,2,83.09,300,216.91,0,3,0,0,1,0,0,1,1,1600,0.1875,616,583,591,680,622,Other,1,0,0,0,0,0,0
755f6707c9,800,65,0,1,1,529,1,2011,8,1,8,100,1,231.76,800,568.24,0,8,0,0,1,0,0,0,1,2050,0.390243902,583,612,649,659,628,Other,1,0,0,0,0,0,0
9e9ca8f361,800,34,0,0,1,900,1,2011,8,1,13,38.46153846,2.166666667,77.39,500,422.61,-300,6,2,1,1,0,0,0,0,3626,0.137892995,573,543,556,657,588,Bills (Home / Utilities),0,1,0,0,0,0,0
0f7b7c2c37,500,50,0,0,1,650,1,2011,5,1,10,50,2,94.7,500,405.3,0,5,0,0,0,1,0,0,1,1800,0.277777778,329,571,616,650,618,Bills (General),0,1,0,0,0,0,0
d42be20081,600,53,0,0,1,375,1,2011,5,1,10,50,2,92.17,500,407.83,-100,5,0,1,0,1,0,1,0,960,0.520833333,583,525,567,680,604,Bills (General),0,1,0,0,0,0,0